TRUNCATE TABLE Enrollments;
TRUNCATE TABLE Courses;
TRUNCATE TABLE Students;

INSERT INTO Students (StudentID, FirstName, LastName, DateOfBirth, Email, EnrollmentDate) VALUES
(1, 'Charles', 'Rivera', '2003-02-16', 'charles.rivera1@example.com', '2023-04-03'),
(2, 'Jessica', 'Chen', '1999-07-04', 'jessica.chen2@example.com', '2024-02-28'),
(3, 'Nancy', 'Stewart', '2001-07-23', 'nancy.stewart3@example.com', '2023-10-21'),
(4, 'Mark', 'Sullivan', '2000-06-13', 'mark.sullivan4@example.com', '2024-08-25'),
(5, 'Christopher', 'Anderson', '1996-03-01', 'christopher.anderson5@example.com', '2024-03-08'),
(6, 'Mark', 'Hawkins', '2003-01-01', 'mark.hawkins6@example.com', '2024-11-21'),
(7, 'Matthew', 'Russell', '2003-10-18', 'matthew.russell7@example.com', '2023-04-02'),
(8, 'Linda', 'Bennett', '2000-04-07', 'linda.bennett8@example.com', '2024-01-28'),
(9, 'David', 'Fisher', '1995-12-16', 'david.fisher9@example.com', '2023-04-07'),
(10, 'Nancy', 'Aguilar', '1997-03-22', 'nancy.aguilar10@example.com', '2024-10-04'),
(11, 'Linda', 'Stone', '1998-10-07', 'linda.stone11@example.com', '2023-12-04'),
(12, 'Linda', 'Kim', '1996-05-31', 'linda.kim12@example.com', '2023-04-29'),
(13, 'Daniel', 'Scott', '1995-11-08', 'daniel.scott13@example.com', '2023-11-05'),
(14, 'Richard', 'Turner', '2004-05-20', 'richard.turner14@example.com', '2024-09-16'),
(15, 'Patricia', 'Ruiz', '1995-07-13', 'patricia.ruiz15@example.com', '2024-12-20'),
(16, 'Elizabeth', 'Patel', '2002-04-14', 'elizabeth.patel16@example.com', '2024-12-20'),
(17, 'Steven', 'Parker', '2000-10-31', 'steven.parker17@example.com', '2024-02-09'),
(18, 'Charles', 'Powell', '1997-04-23', 'charles.powell18@example.com', '2024-09-12'),
(19, 'Richard', 'Hicks', '2003-09-02', 'richard.hicks19@example.com', '2024-04-15'),
(20, 'Joshua', 'Rodriguez', '2000-08-27', 'joshua.rodriguez20@example.com', '2024-09-14'),
(21, 'Patricia', 'Burns', '2003-11-16', 'patricia.burns21@example.com', '2024-04-21'),
(22, 'Thomas', 'Grant', '1998-09-15', 'thomas.grant22@example.com', '2024-08-04'),
(23, 'Christopher', 'Vasquez', '2000-02-09', 'christopher.vasquez23@example.com', '2024-02-16'),
(24, 'Joshua', 'Mendez', '1998-04-16', 'joshua.mendez24@example.com', '2023-12-09'),
(25, 'Matthew', 'Payne', '1998-06-10', 'matthew.payne25@example.com', '2023-02-24'),
(26, 'Matthew', 'Murphy', '1996-09-11', 'matthew.murphy26@example.com', '2023-06-03'),
(27, 'Joseph', 'Torres', '2005-06-05', 'joseph.torres27@example.com', '2024-05-04'),
(28, 'Matthew', 'Adams', '2000-11-05', 'matthew.adams28@example.com', '2024-02-04'),
(29, 'Mark', 'Romero', '2001-07-09', 'mark.romero29@example.com', '2023-12-28'),
(30, 'Charles', 'Porter', '1999-10-14', 'charles.porter30@example.com', '2023-08-07'),
(31, 'Barbara', 'Hamilton', '1997-05-01', 'barbara.hamilton31@example.com', '2024-01-06'),
(32, 'Mark', 'Dunn', '2003-01-19', 'mark.dunn32@example.com', '2023-09-25'),
(33, 'Mary', 'Bryant', '1999-12-19', 'mary.bryant33@example.com', '2024-11-02'),
(34, 'Jessica', 'Gibson', '2004-09-22', 'jessica.gibson34@example.com', '2023-12-31'),
(35, 'Linda', 'Morris', '2003-06-02', 'linda.morris35@example.com', '2024-12-28'),
(36, 'Elizabeth', 'Foster', '2004-11-02', 'elizabeth.foster36@example.com', '2023-11-27'),
(37, 'Joshua', 'Woods', '2005-01-27', 'joshua.woods37@example.com', '2024-12-27'),
(38, 'Elizabeth', 'Vazquez', '1999-11-30', 'elizabeth.vazquez38@example.com', '2024-02-08'),
(39, 'Paul', 'Muñoz', '2003-01-24', 'paul.muñoz39@example.com', '2024-02-06'),
(40, 'Elizabeth', 'Bell', '1999-09-25', 'elizabeth.bell40@example.com', '2024-08-21'),
(41, 'Robert', 'Roberts', '1999-12-16', 'robert.roberts41@example.com', '2023-07-10'),
(42, 'Mary', 'Tran', '2000-09-10', 'mary.tran42@example.com', '2023-11-21'),
(43, 'Christopher', 'Meyer', '2004-12-03', 'christopher.meyer43@example.com', '2023-05-13'),
(44, 'Elizabeth', 'Simmons', '1997-01-07', 'elizabeth.simmons44@example.com', '2023-10-16'),
(45, 'Nancy', 'Warren', '1998-03-29', 'nancy.warren45@example.com', '2024-03-27'),
(46, 'Thomas', 'Fox', '2003-10-24', 'thomas.fox46@example.com', '2024-10-26'),
(47, 'Nancy', 'Mitchell', '1997-08-01', 'nancy.mitchell47@example.com', '2024-03-07'),
(48, 'Linda', 'Morales', '2001-12-31', 'linda.morales48@example.com', '2024-12-09'),
(49, 'Barbara', 'Carter', '2004-07-14', 'barbara.carter49@example.com', '2024-04-09'),
(50, 'Andrew', 'Wilson', '2000-08-13', 'andrew.wilson50@example.com', '2024-11-24'),
(51, 'Joshua', 'Nelson', '2001-12-13', 'joshua.nelson51@example.com', '2023-10-02'),
(52, 'Karen', 'Freeman', '1999-06-17', 'karen.freeman52@example.com', '2023-01-18'),
(53, 'Joshua', 'Martin', '2002-03-10', 'joshua.martin53@example.com', '2023-12-13'),
(54, 'Linda', 'Brown', '1996-03-08', 'linda.brown54@example.com', '2024-05-22'),
(55, 'Nancy', 'Young', '2001-01-18', 'nancy.young55@example.com', '2024-02-27'),
(56, 'Charles', 'Mendoza', '1995-02-25', 'charles.mendoza56@example.com', '2024-10-28'),
(57, 'Richard', 'Schmidt', '2001-01-25', 'richard.schmidt57@example.com', '2024-03-04'),
(58, 'Steven', 'Harris', '2002-01-08', 'steven.harris58@example.com', '2024-06-19'),
(59, 'James', 'Chavez', '1995-12-31', 'james.chavez59@example.com', '2023-06-09'),
(60, 'Joshua', 'Evans', '2005-03-03', 'joshua.evans60@example.com', '2023-03-04'),
(61, 'Paul', 'Lee', '1996-05-27', 'paul.lee61@example.com', '2024-12-29'),
(62, 'Barbara', 'Griffin', '2000-04-29', 'barbara.griffin62@example.com', '2024-05-19'),
(63, 'Jennifer', 'Bailey', '1995-02-12', 'jennifer.bailey63@example.com', '2023-05-17'),
(64, 'Daniel', 'Moore', '2002-03-13', 'daniel.moore64@example.com', '2023-07-15'),
(65, 'William', 'Robinson', '2002-09-20', 'william.robinson65@example.com', '2023-12-14'),
(66, 'Robert', 'Edwards', '1997-01-01', 'robert.edwards66@example.com', '2024-01-09'),
(67, 'Patricia', 'Gomez', '2003-04-06', 'patricia.gomez67@example.com', '2024-07-26'),
(68, 'John', 'Hall', '2005-06-21', 'john.hall68@example.com', '2023-07-05'),
(69, 'Elizabeth', 'Stevens', '2005-03-04', 'elizabeth.stevens69@example.com', '2023-11-18'),
(70, 'Nancy', 'Owens', '2002-12-11', 'nancy.owens70@example.com', '2023-05-26'),
(71, 'Joshua', 'James', '2004-10-24', 'joshua.james71@example.com', '2024-07-25'),
(72, 'Joseph', 'Flores', '2005-06-29', 'joseph.flores72@example.com', '2024-11-09'),
(73, 'Anthony', 'Green', '1997-07-17', 'anthony.green73@example.com', '2023-09-12'),
(74, 'Matthew', 'White', '1996-06-17', 'matthew.white74@example.com', '2024-04-19'),
(75, 'Nancy', 'Marshall', '2000-12-15', 'nancy.marshall75@example.com', '2023-09-11'),
(76, 'Anthony', 'Spencer', '1997-05-10', 'anthony.spencer76@example.com', '2024-08-08'),
(77, 'Matthew', 'Soto', '1999-01-24', 'matthew.soto77@example.com', '2024-01-28'),
(78, 'John', 'Hughes', '1995-12-17', 'john.hughes78@example.com', '2023-09-29'),
(79, 'Linda', 'Reyes', '1997-10-19', 'linda.reyes79@example.com', '2024-11-28'),
(80, 'Thomas', 'Ortiz', '2003-02-05', 'thomas.ortiz80@example.com', '2024-08-31'),
(81, 'Charles', 'Moreno', '2001-05-29', 'charles.moreno81@example.com', '2024-05-08'),
(82, 'Steven', 'Snyder', '2003-07-23', 'steven.snyder82@example.com', '2023-01-04'),
(83, 'Sarah', 'Herrera', '2003-02-17', 'sarah.herrera83@example.com', '2024-08-02'),
(84, 'Sarah', 'Kennedy', '1998-12-15', 'sarah.kennedy84@example.com', '2024-12-16'),
(85, 'Mark', 'Arnold', '1996-03-19', 'mark.arnold85@example.com', '2024-11-22'),
(86, 'Steven', 'Butler', '1996-01-29', 'steven.butler86@example.com', '2024-05-06'),
(87, 'William', 'Ford', '1998-01-12', 'william.ford87@example.com', '2024-09-03'),
(88, 'Paul', 'Taylor', '2002-04-02', 'paul.taylor88@example.com', '2023-12-13'),
(89, 'Mary', 'Cooper', '1999-08-20', 'mary.cooper89@example.com', '2023-12-23'),
(90, 'Michael', 'Smith', '2001-02-10', 'michael.smith90@example.com', '2024-02-23'),
(91, 'Paul', 'Wright', '2002-01-01', 'paul.wright91@example.com', '2023-01-05'),
(92, 'Joshua', 'Nguyen', '2000-12-17', 'joshua.nguyen92@example.com', '2024-02-02'),
(93, 'Richard', 'Castro', '2001-07-21', 'richard.castro93@example.com', '2024-11-01'),
(94, 'Paul', 'Price', '2005-07-09', 'paul.price94@example.com', '2023-04-03'),
(95, 'Linda', 'Ramirez', '1995-06-05', 'linda.ramirez95@example.com', '2023-09-21'),
(96, 'Patricia', 'Cox', '2000-05-29', 'patricia.cox96@example.com', '2023-09-15'),
(97, 'Nancy', 'Simpson', '2001-11-02', 'nancy.simpson97@example.com', '2024-10-07'),
(98, 'Joseph', 'Wagner', '2001-04-27', 'joseph.wagner98@example.com', '2024-10-10'),
(99, 'Nancy', 'Boyd', '1996-09-11', 'nancy.boyd99@example.com', '2023-05-13'),
(100, 'Richard', 'Gonzales', '2005-01-21', 'richard.gonzales100@example.com', '2024-07-21'),
(101, 'Jennifer', 'Davis', '1999-04-30', 'jennifer.davis101@example.com', '2023-11-13'),
(102, 'Donald', 'King', '2001-10-19', 'donald.king102@example.com', '2024-08-25'),
(103, 'Anthony', 'Johnson', '2001-10-21', 'anthony.johnson103@example.com', '2023-11-22'),
(104, 'Elizabeth', 'Jimenez', '1996-08-10', 'elizabeth.jimenez104@example.com', '2024-04-08'),
(105, 'John', 'Henry', '2003-01-09', 'john.henry105@example.com', '2023-09-07'),
(106, 'Elizabeth', 'Hayes', '2003-04-17', 'elizabeth.hayes106@example.com', '2024-04-03'),
(107, 'Joshua', 'Sanders', '2002-03-19', 'joshua.sanders107@example.com', '2024-09-11'),
(108, 'Barbara', 'Sanchez', '1998-08-21', 'barbara.sanchez108@example.com', '2023-02-21'),
(109, 'Christopher', 'Nichols', '1995-10-03', 'christopher.nichols109@example.com', '2023-07-20'),
(110, 'Charles', 'Graham', '1999-12-17', 'charles.graham110@example.com', '2023-11-06'),
(111, 'Thomas', 'Miller', '1996-12-30', 'thomas.miller111@example.com', '2023-08-13'),
(112, 'Nancy', 'Ellis', '2002-11-24', 'nancy.ellis112@example.com', '2023-05-14'),
(113, 'Jessica', 'Tucker', '1999-02-21', 'jessica.tucker113@example.com', '2024-08-17'),
(114, 'Andrew', 'Myers', '2001-04-14', 'andrew.myers114@example.com', '2024-05-31'),
(115, 'Christopher', 'Ramos', '1996-02-25', 'christopher.ramos115@example.com', '2023-09-13'),
(116, 'Elizabeth', 'Mason', '2005-04-02', 'elizabeth.mason116@example.com', '2024-04-16'),
(117, 'Steven', 'Garcia', '2002-10-03', 'steven.garcia117@example.com', '2023-06-13'),
(118, 'Steven', 'Campbell', '1999-04-06', 'steven.campbell118@example.com', '2024-09-24'),
(119, 'Jennifer', 'Palmer', '1999-09-23', 'jennifer.palmer119@example.com', '2024-08-22'),
(120, 'Mary', 'Peterson', '1996-03-29', 'mary.peterson120@example.com', '2023-07-29'),
(121, 'Generic', 'Lastname31', '2004-06-13', 'generic.lastname31121@example.com', '2024-07-21'),
(122, 'Amit', 'Sharma', '2005-07-22', 'amit.sharma122@example.com', '2024-08-28'),
(123, 'Generic', 'Lastname56', '1998-08-11', 'generic.lastname56123@example.com', '2024-05-07'),
(124, 'Generic', 'Lastname37', '1999-05-10', 'generic.lastname37124@example.com', '2023-11-11'),
(125, 'Generic', 'Lastname53', '1998-06-26', 'generic.lastname53125@example.com', '2023-05-26'),
(126, 'Generic', 'Lastname59', '2005-02-10', 'generic.lastname59126@example.com', '2023-04-14'),
(127, 'Generic', 'Lastname20', '1998-01-28', 'generic.lastname20127@example.com', '2023-08-29'),
(128, 'Generic', 'Lastname47', '1999-07-14', 'generic.lastname47128@example.com', '2024-05-07'),
(129, 'Jose', 'Martinez', '1998-04-19', 'jose.martinez129@example.com', '2024-01-10'),
(130, 'Generic', 'Lastname36', '1996-05-14', 'generic.lastname36130@example.com', '2023-06-13'),
(131, 'Ravi', 'Chowdhury', '2003-01-21', 'ravi.chowdhury131@example.com', '2023-10-04'),
(132, 'Maria', 'Lopez', '1999-01-13', 'maria.lopez132@example.com', '2023-07-09'),
(133, 'Fernanda', 'Diaz', '1997-05-19', 'fernanda.diaz133@example.com', '2023-03-18'),
(134, 'Generic', 'Lastname57', '2003-11-02', 'generic.lastname57134@example.com', '2024-07-20'),
(135, 'Wei', 'Zhang', '1995-04-08', 'wei.zhang135@example.com', '2024-03-30'),
(136, 'Generic', 'Lastname22', '2002-11-21', 'generic.lastname22136@example.com', '2024-10-08'),
(137, 'Generic', 'Lastname55', '1995-12-28', 'generic.lastname55137@example.com', '2023-06-16'),
(138, 'Ling', 'Wang', '1998-03-08', 'ling.wang138@example.com', '2023-07-31'),
(139, 'Generic', 'Lastname38', '1997-04-15', 'generic.lastname38139@example.com', '2023-02-28'),
(140, 'Neha', 'Rao', '1997-03-06', 'neha.rao140@example.com', '2024-01-08'),
(141, 'Carlos', 'Gonzalez', '2002-09-16', 'carlos.gonzalez141@example.com', '2024-10-19'),
(142, 'Generic', 'Lastname49', '1995-08-29', 'generic.lastname49142@example.com', '2024-12-12'),
(143, 'Generic', 'Lastname35', '1995-07-05', 'generic.lastname35143@example.com', '2024-10-27'),
(144, 'Alejandro', 'Santos', '1997-10-30', 'alejandro.santos144@example.com', '2024-07-05'),
(145, 'Generic', 'Lastname51', '2003-08-03', 'generic.lastname51145@example.com', '2023-10-23'),
(146, 'Generic', 'Lastname44', '1997-11-27', 'generic.lastname44146@example.com', '2024-05-17'),
(147, 'Generic', 'Lastname52', '2003-01-05', 'generic.lastname52147@example.com', '2024-05-25'),
(148, 'Generic', 'Lastname54', '2001-03-27', 'generic.lastname54148@example.com', '2023-01-18'),
(149, 'Generic', 'Lastname39', '2002-11-30', 'generic.lastname39149@example.com', '2024-05-30'),
(150, 'Generic', 'Lastname28', '2001-05-23', 'generic.lastname28150@example.com', '2023-08-17');

INSERT INTO Courses (CourseID, CourseName, Credits, Instructor) VALUES
(1, 'Mathematics', 3, 'Dr. Adams'),
(2, 'Physics', 4, 'Dr. Brown'),
(3, 'Chemistry', 4, 'Dr. Green'),
(4, 'Biology', 3, 'Dr. White'),
(5, 'History', 3, 'Dr. Black'),
(6, 'Computer Science', 4, 'Dr. Grey'),
(7, 'Literature', 3, 'Dr. Violet'),
(8, 'Philosophy', 3, 'Dr. Blue'),
(9, 'Economics', 3, 'Dr. Yellow'),
(10, 'Political Science', 3, 'Dr. Red'),
(11, 'Art', 2, 'Dr. Orange'),
(12, 'Music', 2, 'Dr. Purple'),
(13, 'Engineering', 4, 'Dr. Silver'),
(14, 'Psychology', 3, 'Dr. Gold'),
(15, 'Statistics', 3, 'Dr. Copper');

INSERT INTO Enrollments (EnrollmentID, StudentID, CourseID, EnrollmentDate, Grade) VALUES
(1, 1, 3, '2024-02-13', 'B'),
(2, 1, 10, '2023-10-20', 'D'),
(3, 1, 5, '2024-08-03', 'C'),
(4, 2, 14, '2023-12-31', 'B'),
(5, 2, 15, '2024-08-10', 'A'),
(6, 2, 11, '2024-10-12', 'A'),
(7, 3, 6, '2023-01-30', 'C'),
(8, 3, 8, '2024-05-16', 'D'),
(9, 3, 9, '2023-09-24', 'B'),
(10, 3, 13, '2024-01-20', 'D'),
(11, 3, 5, '2024-03-07', 'D'),
(12, 3, 10, '2023-11-19', 'C'),
(13, 3, 3, '2024-01-20', 'D'),
(14, 4, 13, '2023-07-03', 'D'),
(15, 4, 9, '2023-11-06', 'A'),
(16, 4, 14, '2024-11-04', 'B'),
(17, 4, 4, '2024-06-02', 'D'),
(18, 4, 2, '2024-05-05', 'A'),
(19, 4, 11, '2023-02-06', 'B'),
(20, 5, 11, '2023-01-30', 'B'),
(21, 5, 10, '2024-06-23', 'C'),
(22, 5, 9, '2023-07-29', 'A'),
(23, 5, 12, '2024-03-10', 'C'),
(24, 5, 8, '2023-02-28', 'D'),
(25, 5, 4, '2024-11-15', 'F'),
(26, 6, 9, '2024-07-12', 'C'),
(27, 6, 15, '2024-10-16', 'D'),
(28, 6, 7, '2024-12-27', 'F'),
(29, 6, 4, '2023-12-29', 'B'),
(30, 6, 14, '2023-02-06', 'F'),
(31, 7, 13, '2023-05-04', 'C'),
(32, 7, 12, '2023-06-05', 'A'),
(33, 7, 9, '2023-07-07', 'D'),
(34, 7, 14, '2024-01-31', 'D'),
(35, 8, 4, '2024-03-06', 'D'),
(36, 8, 2, '2023-12-01', 'F'),
(37, 8, 14, '2023-07-07', 'D'),
(38, 9, 7, '2023-05-15', 'A'),
(39, 9, 15, '2024-06-24', 'F'),
(40, 9, 13, '2024-01-12', 'D'),
(41, 9, 6, '2024-07-15', 'C'),
(42, 9, 5, '2023-09-16', 'A'),
(43, 9, 2, '2023-01-19', 'B'),
(44, 9, 3, '2024-08-24', 'C'),
(45, 10, 8, '2023-08-26', 'D'),
(46, 10, 10, '2023-04-13', 'B'),
(47, 10, 3, '2023-03-13', 'D'),
(48, 10, 15, '2024-01-09', 'F'),
(49, 11, 9, '2023-01-28', 'C'),
(50, 11, 12, '2024-12-26', 'C'),
(51, 11, 1, '2024-01-01', 'F'),
(52, 11, 3, '2024-10-22', 'D'),
(53, 12, 2, '2023-11-29', 'B'),
(54, 12, 10, '2024-02-26', 'B'),
(55, 12, 7, '2023-08-26', 'C'),
(56, 12, 3, '2024-07-28', 'D'),
(57, 12, 4, '2023-01-19', 'C'),
(58, 12, 14, '2023-05-07', 'F'),
(59, 13, 12, '2023-02-06', 'A'),
(60, 13, 10, '2023-03-22', 'F'),
(61, 13, 1, '2024-08-01', 'A'),
(62, 13, 9, '2024-07-28', 'A'),
(63, 13, 15, '2023-06-25', 'B'),
(64, 13, 3, '2024-12-28', 'D'),
(65, 13, 13, '2023-06-18', 'D'),
(66, 14, 12, '2023-04-08', 'C'),
(67, 14, 9, '2024-12-29', 'B'),
(68, 14, 10, '2024-02-16', 'D'),
(69, 14, 11, '2023-12-30', 'F'),
(70, 14, 13, '2023-02-05', 'C'),
(71, 14, 8, '2024-09-11', 'B'),
(72, 15, 6, '2023-09-01', 'F'),
(73, 15, 4, '2024-05-02', 'D'),
(74, 15, 1, '2024-03-04', 'C'),
(75, 15, 9, '2024-10-18', 'C'),
(76, 15, 10, '2024-10-05', 'D'),
(77, 15, 5, '2023-12-04', 'B'),
(78, 16, 8, '2024-01-28', 'F'),
(79, 16, 12, '2024-08-29', 'C'),
(80, 16, 15, '2024-03-09', 'D'),
(81, 16, 10, '2024-04-25', 'F'),
(82, 16, 14, '2023-02-13', 'D'),
(83, 16, 9, '2023-07-14', 'C'),
(84, 16, 11, '2023-09-01', 'A'),
(85, 17, 14, '2023-05-01', 'B'),
(86, 17, 6, '2023-01-04', 'F'),
(87, 17, 10, '2024-08-28', 'C'),
(88, 18, 8, '2024-08-22', 'A'),
(89, 18, 12, '2023-10-07', 'F'),
(90, 18, 14, '2024-07-01', 'D'),
(91, 18, 9, '2023-08-28', 'A'),
(92, 18, 3, '2024-04-16', 'B'),
(93, 19, 7, '2023-09-27', 'C'),
(94, 19, 12, '2023-03-02', 'D'),
(95, 19, 1, '2023-04-20', 'F'),
(96, 19, 14, '2023-12-18', 'D'),
(97, 20, 3, '2024-06-14', 'A'),
(98, 20, 2, '2023-07-13', 'B'),
(99, 20, 4, '2024-01-02', 'B'),
(100, 20, 15, '2023-06-17', 'D'),
(101, 20, 7, '2023-08-23', 'B'),
(102, 20, 8, '2023-03-01', 'F'),
(103, 20, 9, '2024-10-03', 'F'),
(104, 21, 14, '2023-06-05', 'C'),
(105, 21, 10, '2023-06-29', 'F'),
(106, 21, 1, '2024-10-11', 'A'),
(107, 21, 5, '2024-11-03', 'C'),
(108, 21, 6, '2024-04-18', 'F'),
(109, 21, 12, '2023-02-28', 'B'),
(110, 21, 3, '2023-10-17', 'C'),
(111, 22, 6, '2023-08-21', 'B'),
(112, 22, 5, '2024-05-09', 'D'),
(113, 22, 4, '2024-06-19', 'A'),
(114, 22, 15, '2023-02-09', 'F'),
(115, 22, 8, '2024-08-04', 'B'),
(116, 22, 3, '2024-12-28', 'B'),
(117, 22, 13, '2024-09-14', 'B'),
(118, 23, 14, '2023-06-25', 'D'),
(119, 23, 10, '2023-10-06', 'D'),
(120, 23, 1, '2023-12-02', 'C'),
(121, 23, 6, '2024-07-19', 'B'),
(122, 23, 3, '2024-02-28', 'F'),
(123, 24, 12, '2023-02-21', 'C'),
(124, 24, 7, '2024-12-24', 'B'),
(125, 24, 11, '2024-07-01', 'B'),
(126, 24, 2, '2023-04-21', 'A'),
(127, 24, 10, '2023-09-23', 'C'),
(128, 24, 4, '2023-08-06', 'F'),
(129, 24, 5, '2023-03-13', 'A'),
(130, 25, 7, '2024-11-05', 'D'),
(131, 25, 11, '2024-02-16', 'C'),
(132, 25, 2, '2024-10-10', 'D'),
(133, 25, 12, '2024-06-28', 'B'),
(134, 25, 9, '2024-01-09', 'A'),
(135, 26, 4, '2024-10-09', 'C'),
(136, 26, 5, '2023-05-18', 'C'),
(137, 26, 11, '2024-10-13', 'D'),
(138, 26, 7, '2024-10-22', 'F'),
(139, 27, 8, '2023-11-24', 'B'),
(140, 27, 10, '2024-01-24', 'F'),
(141, 27, 11, '2024-05-24', 'D'),
(142, 27, 7, '2023-05-24', 'A'),
(143, 27, 13, '2024-01-03', 'D'),
(144, 27, 14, '2024-02-08', 'B'),
(145, 28, 12, '2023-11-04', 'D'),
(146, 28, 3, '2023-11-19', 'D'),
(147, 28, 14, '2024-03-16', 'A'),
(148, 28, 7, '2024-12-26', 'D'),
(149, 28, 6, '2024-01-14', 'F'),
(150, 28, 5, '2024-12-05', 'F'),
(151, 28, 2, '2023-11-14', 'F'),
(152, 29, 10, '2023-06-17', 'D'),
(153, 29, 7, '2023-06-04', 'C'),
(154, 29, 9, '2024-12-22', 'F'),
(155, 30, 6, '2023-10-16', 'F'),
(156, 30, 3, '2023-10-25', 'C'),
(157, 30, 2, '2024-08-26', 'C'),
(158, 30, 15, '2024-02-08', 'C'),
(159, 30, 8, '2023-09-24', 'B'),
(160, 30, 7, '2023-05-27', 'F'),
(161, 30, 12, '2023-07-10', 'B'),
(162, 31, 13, '2024-02-09', 'B'),
(163, 31, 1, '2024-02-17', 'B'),
(164, 31, 9, '2023-05-01', 'D'),
(165, 31, 5, '2024-11-10', 'B'),
(166, 31, 11, '2024-02-07', 'A'),
(167, 31, 6, '2023-10-28', 'C'),
(168, 32, 15, '2024-01-21', 'A'),
(169, 32, 10, '2024-08-18', 'C'),
(170, 32, 3, '2023-04-25', 'C'),
(171, 33, 9, '2023-10-11', 'D'),
(172, 33, 13, '2023-11-07', 'F'),
(173, 33, 7, '2024-11-03', 'D'),
(174, 33, 15, '2024-07-09', 'A'),
(175, 34, 4, '2023-11-18', 'F'),
(176, 34, 7, '2024-05-19', 'A'),
(177, 34, 2, '2024-04-01', 'A'),
(178, 34, 9, '2023-05-16', 'A'),
(179, 34, 6, '2023-06-21', 'A'),
(180, 35, 7, '2024-08-23', 'C'),
(181, 35, 12, '2023-12-05', 'B'),
(182, 35, 9, '2023-02-07', 'A'),
(183, 35, 2, '2023-08-12', 'F'),
(184, 35, 15, '2024-10-26', 'B'),
(185, 35, 6, '2024-08-14', 'A'),
(186, 35, 3, '2023-12-28', 'C'),
(187, 36, 2, '2024-04-19', 'B'),
(188, 36, 14, '2024-04-16', 'F'),
(189, 36, 13, '2024-11-20', 'F'),
(190, 37, 12, '2023-09-11', 'F'),
(191, 37, 6, '2024-04-18', 'A'),
(192, 37, 9, '2023-06-21', 'F'),
(193, 37, 3, '2023-10-14', 'C'),
(194, 37, 11, '2024-03-14', 'B'),
(195, 37, 15, '2023-06-29', 'D'),
(196, 38, 12, '2024-02-16', 'B'),
(197, 38, 13, '2024-11-20', 'F'),
(198, 38, 1, '2023-11-10', 'C'),
(199, 39, 9, '2024-10-25', 'A'),
(200, 39, 1, '2024-06-21', 'F'),
(201, 39, 13, '2024-04-29', 'D'),
(202, 39, 7, '2024-05-26', 'C'),
(203, 40, 6, '2023-11-27', 'F'),
(204, 40, 3, '2024-10-15', 'A'),
(205, 40, 14, '2023-08-11', 'F'),
(206, 40, 15, '2023-01-24', 'B'),
(207, 40, 13, '2024-01-31', 'B'),
(208, 40, 12, '2023-11-07', 'F'),
(209, 40, 7, '2024-11-22', 'F'),
(210, 41, 15, '2024-12-04', 'F'),
(211, 41, 4, '2024-09-23', 'C'),
(212, 41, 6, '2023-02-09', 'D'),
(213, 41, 9, '2024-09-16', 'F'),
(214, 41, 11, '2024-11-08', 'F'),
(215, 42, 8, '2023-03-13', 'C'),
(216, 42, 6, '2023-09-01', 'D'),
(217, 42, 12, '2023-10-21', 'B'),
(218, 42, 3, '2024-08-14', 'B'),
(219, 42, 7, '2024-01-03', 'A'),
(220, 42, 11, '2024-08-31', 'B'),
(221, 42, 10, '2024-09-10', 'D'),
(222, 43, 3, '2024-06-02', 'D'),
(223, 43, 6, '2024-07-12', 'D'),
(224, 43, 5, '2023-03-17', 'A'),
(225, 43, 7, '2024-10-30', 'B'),
(226, 43, 13, '2024-06-25', 'B'),
(227, 43, 2, '2024-12-26', 'D'),
(228, 43, 4, '2024-12-08', 'D'),
(229, 44, 5, '2024-06-30', 'F'),
(230, 44, 4, '2023-02-23', 'A'),
(231, 44, 3, '2023-08-12', 'D'),
(232, 44, 11, '2023-07-17', 'B'),
(233, 44, 10, '2023-05-31', 'B'),
(234, 44, 1, '2024-06-20', 'B'),
(235, 44, 8, '2024-07-01', 'B'),
(236, 45, 2, '2023-09-23', 'F'),
(237, 45, 8, '2024-12-19', 'A'),
(238, 45, 1, '2024-12-05', 'C'),
(239, 45, 7, '2024-03-07', 'D'),
(240, 45, 10, '2023-05-13', 'A'),
(241, 46, 1, '2023-08-12', 'D'),
(242, 46, 4, '2024-04-03', 'D'),
(243, 46, 10, '2023-04-28', 'F'),
(244, 46, 15, '2023-11-20', 'F'),
(245, 46, 13, '2023-07-11', 'C'),
(246, 47, 12, '2024-09-23', 'C'),
(247, 47, 6, '2024-11-16', 'C'),
(248, 47, 13, '2023-01-02', 'C'),
(249, 47, 8, '2024-06-11', 'D'),
(250, 48, 9, '2023-02-02', 'B'),
(251, 48, 6, '2024-09-04', 'B'),
(252, 48, 5, '2024-09-27', 'A'),
(253, 49, 11, '2024-09-28', 'A'),
(254, 49, 14, '2024-12-02', 'C'),
(255, 49, 4, '2024-03-29', 'C'),
(256, 49, 1, '2023-07-20', 'F'),
(257, 50, 15, '2024-06-28', 'D'),
(258, 50, 9, '2024-12-04', 'C'),
(259, 50, 14, '2024-02-06', 'F'),
(260, 50, 6, '2024-05-18', 'A'),
(261, 50, 1, '2024-08-20', 'C'),
(262, 51, 14, '2023-05-13', 'D'),
(263, 51, 6, '2024-05-30', 'F'),
(264, 51, 13, '2024-05-04', 'F'),
(265, 51, 9, '2024-11-30', 'D'),
(266, 52, 12, '2023-12-27', 'C'),
(267, 52, 13, '2024-08-25', 'B'),
(268, 52, 14, '2023-06-24', 'D'),
(269, 52, 8, '2023-04-03', 'A'),
(270, 52, 5, '2023-02-11', 'D'),
(271, 52, 10, '2024-06-04', 'B'),
(272, 53, 4, '2024-07-17', 'D'),
(273, 53, 14, '2024-07-30', 'A'),
(274, 53, 12, '2024-04-16', 'B'),
(275, 53, 7, '2024-12-11', 'D'),
(276, 53, 9, '2024-06-17', 'F'),
(277, 53, 15, '2024-05-01', 'B'),
(278, 54, 10, '2023-09-29', 'A'),
(279, 54, 13, '2023-06-19', 'B'),
(280, 54, 2, '2023-03-28', 'D'),
(281, 55, 8, '2023-09-21', 'D'),
(282, 55, 2, '2023-12-09', 'B'),
(283, 55, 13, '2024-11-09', 'A'),
(284, 55, 9, '2024-01-09', 'C'),
(285, 55, 7, '2023-05-07', 'F'),
(286, 55, 11, '2023-08-16', 'C'),
(287, 55, 6, '2023-01-02', 'B'),
(288, 56, 14, '2024-07-04', 'B'),
(289, 56, 7, '2024-09-29', 'D'),
(290, 56, 15, '2024-03-25', 'B'),
(291, 56, 6, '2023-02-17', 'F'),
(292, 56, 1, '2023-09-05', 'D'),
(293, 57, 12, '2024-01-09', 'C'),
(294, 57, 9, '2024-10-20', 'B'),
(295, 57, 5, '2024-11-05', 'B'),
(296, 57, 4, '2023-01-21', 'C'),
(297, 57, 10, '2023-04-09', 'D'),
(298, 58, 15, '2024-11-06', 'C'),
(299, 58, 5, '2024-09-18', 'A'),
(300, 58, 1, '2023-12-20', 'C'),
(301, 58, 2, '2023-04-12', 'A'),
(302, 58, 8, '2023-08-14', 'A'),
(303, 58, 10, '2023-11-12', 'A'),
(304, 59, 1, '2024-06-18', 'A'),
(305, 59, 5, '2024-07-19', 'F'),
(306, 59, 13, '2024-09-12', 'F'),
(307, 59, 10, '2024-08-19', 'F'),
(308, 59, 12, '2024-12-10', 'B'),
(309, 59, 4, '2023-04-18', 'B'),
(310, 59, 9, '2024-04-17', 'F'),
(311, 60, 7, '2023-07-09', 'B'),
(312, 60, 3, '2024-12-13', 'C'),
(313, 60, 6, '2023-10-01', 'A'),
(314, 60, 4, '2024-10-12', 'C'),
(315, 60, 12, '2023-11-21', 'B'),
(316, 60, 14, '2023-07-03', 'C'),
(317, 60, 8, '2023-10-02', 'C'),
(318, 61, 11, '2023-10-23', 'D'),
(319, 61, 12, '2023-09-27', 'F'),
(320, 61, 10, '2024-04-29', 'F'),
(321, 62, 13, '2024-05-20', 'A'),
(322, 62, 4, '2024-11-22', 'C'),
(323, 62, 6, '2024-08-27', 'C'),
(324, 62, 14, '2023-06-25', 'D'),
(325, 63, 11, '2023-06-29', 'A'),
(326, 63, 15, '2023-11-17', 'A'),
(327, 63, 10, '2023-01-10', 'A'),
(328, 64, 14, '2024-12-14', 'D'),
(329, 64, 12, '2023-07-25', 'A'),
(330, 64, 9, '2024-09-17', 'F'),
(331, 64, 4, '2024-02-02', 'B'),
(332, 64, 13, '2024-06-30', 'B'),
(333, 64, 7, '2023-08-22', 'D'),
(334, 65, 3, '2023-01-01', 'A'),
(335, 65, 1, '2023-07-10', 'A'),
(336, 65, 8, '2024-12-17', 'F'),
(337, 65, 13, '2023-06-27', 'F'),
(338, 65, 14, '2024-09-28', 'A'),
(339, 65, 15, '2023-10-10', 'F'),
(340, 65, 7, '2024-03-07', 'F'),
(341, 66, 10, '2023-07-27', 'F'),
(342, 66, 4, '2024-05-17', 'A'),
(343, 66, 11, '2024-03-30', 'F'),
(344, 66, 3, '2024-09-12', 'F'),
(345, 67, 1, '2024-05-24', 'B'),
(346, 67, 8, '2023-09-01', 'C'),
(347, 67, 15, '2023-10-17', 'C'),
(348, 67, 3, '2024-12-18', 'C'),
(349, 68, 3, '2023-01-07', 'A'),
(350, 68, 13, '2023-05-27', 'C'),
(351, 68, 5, '2024-12-10', 'D'),
(352, 69, 4, '2023-10-02', 'C'),
(353, 69, 8, '2023-08-19', 'F'),
(354, 69, 14, '2023-07-31', 'A'),
(355, 69, 7, '2024-11-26', 'C'),
(356, 69, 10, '2023-12-25', 'D'),
(357, 69, 13, '2024-09-11', 'B'),
(358, 69, 3, '2023-11-07', 'C'),
(359, 70, 1, '2023-10-05', 'B'),
(360, 70, 15, '2023-06-12', 'A'),
(361, 70, 13, '2024-01-03', 'B'),
(362, 70, 5, '2023-03-09', 'B'),
(363, 70, 2, '2023-02-28', 'B'),
(364, 71, 1, '2024-03-15', 'B'),
(365, 71, 4, '2023-12-01', 'D'),
(366, 71, 7, '2024-12-09', 'A'),
(367, 72, 2, '2024-10-29', 'C'),
(368, 72, 13, '2023-11-03', 'C'),
(369, 72, 9, '2023-09-08', 'F'),
(370, 72, 6, '2023-07-06', 'A'),
(371, 72, 5, '2023-12-04', 'A'),
(372, 73, 15, '2023-10-25', 'F'),
(373, 73, 14, '2024-12-18', 'F'),
(374, 73, 11, '2023-06-02', 'D'),
(375, 73, 4, '2023-03-29', 'C'),
(376, 73, 5, '2024-05-03', 'C'),
(377, 73, 12, '2024-07-18', 'B'),
(378, 74, 3, '2024-07-07', 'F'),
(379, 74, 9, '2023-05-15', 'D'),
(380, 74, 13, '2024-06-23', 'D'),
(381, 74, 12, '2023-04-06', 'A'),
(382, 74, 2, '2024-11-14', 'B'),
(383, 74, 6, '2024-12-19', 'A'),
(384, 74, 15, '2023-10-01', 'D'),
(385, 75, 15, '2023-04-28', 'D'),
(386, 75, 2, '2024-12-22', 'A'),
(387, 75, 10, '2023-02-07', 'F'),
(388, 75, 4, '2023-09-07', 'F'),
(389, 75, 9, '2024-11-18', 'F'),
(390, 75, 3, '2023-07-14', 'D'),
(391, 76, 4, '2023-05-13', 'C'),
(392, 76, 7, '2024-10-30', 'F'),
(393, 76, 13, '2023-09-30', 'B'),
(394, 76, 1, '2023-01-07', 'F'),
(395, 77, 6, '2023-05-20', 'A'),
(396, 77, 8, '2024-01-17', 'A'),
(397, 77, 4, '2024-10-07', 'B'),
(398, 77, 1, '2024-11-27', 'F'),
(399, 77, 9, '2023-12-10', 'F'),
(400, 77, 7, '2023-08-12', 'D'),
(401, 78, 9, '2023-06-04', 'C'),
(402, 78, 7, '2023-09-25', 'D'),
(403, 78, 10, '2024-02-02', 'A'),
(404, 78, 11, '2023-06-17', 'A'),
(405, 78, 12, '2023-03-02', 'F'),
(406, 78, 5, '2024-11-05', 'D'),
(407, 78, 14, '2023-08-04', 'D'),
(408, 79, 5, '2023-12-17', 'C'),
(409, 79, 8, '2024-04-03', 'A'),
(410, 79, 4, '2023-10-22', 'B'),
(411, 79, 2, '2024-08-08', 'D'),
(412, 79, 13, '2024-07-01', 'B'),
(413, 79, 3, '2024-04-20', 'F'),
(414, 79, 10, '2023-01-20', 'A'),
(415, 80, 3, '2024-12-24', 'B'),
(416, 80, 2, '2024-05-14', 'B'),
(417, 80, 5, '2024-10-22', 'C'),
(418, 80, 6, '2024-11-27', 'A'),
(419, 81, 4, '2024-12-12', 'C'),
(420, 81, 14, '2024-07-18', 'C'),
(421, 81, 9, '2024-10-16', 'D'),
(422, 81, 1, '2024-09-02', 'F'),
(423, 81, 13, '2024-12-09', 'B'),
(424, 81, 6, '2023-05-03', 'D'),
(425, 81, 15, '2023-01-07', 'D'),
(426, 82, 4, '2023-06-11', 'C'),
(427, 82, 7, '2023-01-13', 'D'),
(428, 82, 2, '2024-04-05', 'D'),
(429, 82, 3, '2023-09-06', 'C'),
(430, 83, 11, '2023-11-22', 'A'),
(431, 83, 12, '2024-03-01', 'D'),
(432, 83, 9, '2023-05-04', 'B'),
(433, 83, 2, '2023-03-23', 'C'),
(434, 83, 10, '2024-09-12', 'C'),
(435, 84, 9, '2023-08-25', 'C'),
(436, 84, 2, '2024-08-12', 'A'),
(437, 84, 6, '2023-08-27', 'F'),
(438, 84, 5, '2023-03-30', 'C'),
(439, 84, 13, '2024-10-27', 'F'),
(440, 84, 14, '2024-09-15', 'F'),
(441, 84, 11, '2023-06-24', 'C'),
(442, 85, 3, '2024-06-20', 'B'),
(443, 85, 10, '2024-03-09', 'A'),
(444, 85, 14, '2024-12-25', 'C'),
(445, 86, 12, '2023-12-09', 'F'),
(446, 86, 3, '2023-10-16', 'D'),
(447, 86, 1, '2024-04-14', 'C'),
(448, 86, 2, '2024-03-20', 'F'),
(449, 87, 9, '2023-08-05', 'A'),
(450, 87, 3, '2023-04-06', 'B'),
(451, 87, 1, '2023-12-01', 'B'),
(452, 87, 13, '2024-05-09', 'D'),
(453, 88, 4, '2024-01-10', 'C'),
(454, 88, 10, '2024-11-08', 'A'),
(455, 88, 3, '2024-09-15', 'B'),
(456, 89, 11, '2023-08-07', 'B'),
(457, 89, 13, '2024-03-25', 'B'),
(458, 89, 7, '2023-05-25', 'F'),
(459, 89, 2, '2023-06-01', 'D'),
(460, 89, 14, '2023-09-06', 'F'),
(461, 90, 13, '2024-08-24', 'A'),
(462, 90, 6, '2023-01-08', 'A'),
(463, 90, 14, '2023-12-17', 'A'),
(464, 91, 2, '2024-04-20', 'C'),
(465, 91, 7, '2023-06-14', 'C'),
(466, 91, 4, '2024-04-22', 'C'),
(467, 91, 1, '2023-08-10', 'D'),
(468, 92, 4, '2024-09-12', 'B'),
(469, 92, 7, '2024-03-07', 'B'),
(470, 92, 13, '2024-03-25', 'F'),
(471, 92, 11, '2024-04-21', 'F'),
(472, 92, 15, '2024-03-05', 'C'),
(473, 92, 9, '2023-06-23', 'D'),
(474, 92, 6, '2023-10-28', 'F'),
(475, 93, 4, '2024-09-26', 'C'),
(476, 93, 12, '2024-06-16', 'B'),
(477, 93, 15, '2024-07-04', 'D'),
(478, 93, 3, '2024-11-28', 'F'),
(479, 93, 8, '2023-10-05', 'B'),
(480, 93, 14, '2023-03-09', 'B'),
(481, 93, 6, '2024-12-12', 'B'),
(482, 94, 13, '2023-09-20', 'B'),
(483, 94, 15, '2023-11-29', 'D'),
(484, 94, 14, '2023-11-01', 'B'),
(485, 95, 3, '2024-05-28', 'A'),
(486, 95, 14, '2023-09-04', 'D'),
(487, 95, 12, '2023-08-22', 'D'),
(488, 95, 7, '2024-12-12', 'D'),
(489, 95, 9, '2023-09-02', 'D'),
(490, 96, 9, '2024-05-19', 'A'),
(491, 96, 1, '2023-02-17', 'A'),
(492, 96, 6, '2023-08-15', 'B'),
(493, 97, 10, '2023-06-20', 'D'),
(494, 97, 9, '2023-03-29', 'D'),
(495, 97, 2, '2023-12-31', 'B'),
(496, 97, 13, '2023-05-08', 'C'),
(497, 98, 9, '2024-07-27', 'F'),
(498, 98, 12, '2024-03-09', 'B'),
(499, 98, 6, '2024-06-17', 'D'),
(500, 98, 1, '2023-05-25', 'A'),
(501, 98, 11, '2024-07-30', 'A'),
(502, 99, 12, '2023-09-23', 'F'),
(503, 99, 1, '2023-04-20', 'D'),
(504, 99, 15, '2023-11-21', 'C'),
(505, 99, 8, '2024-04-15', 'B'),
(506, 99, 3, '2023-12-30', 'A'),
(507, 100, 14, '2024-05-25', 'B'),
(508, 100, 8, '2024-04-26', 'D'),
(509, 100, 7, '2023-10-22', 'C'),
(510, 100, 6, '2024-03-14', 'B'),
(511, 100, 10, '2023-05-01', 'B'),
(512, 101, 10, '2024-01-11', 'B'),
(513, 101, 3, '2023-11-13', 'C'),
(514, 101, 7, '2023-03-29', 'D'),
(515, 101, 8, '2023-11-03', 'A'),
(516, 101, 14, '2024-04-15', 'B'),
(517, 101, 4, '2023-04-14', 'F'),
(518, 101, 5, '2023-02-14', 'B'),
(519, 102, 12, '2023-03-30', 'A'),
(520, 102, 9, '2024-07-15', 'C'),
(521, 102, 14, '2024-07-01', 'D'),
(522, 102, 10, '2024-02-03', 'A'),
(523, 102, 5, '2023-02-22', 'F'),
(524, 102, 13, '2023-08-22', 'C'),
(525, 103, 13, '2024-09-13', 'D'),
(526, 103, 15, '2024-05-29', 'D'),
(527, 103, 5, '2024-05-12', 'C'),
(528, 103, 4, '2024-01-11', 'F'),
(529, 103, 1, '2024-07-22', 'D'),
(530, 103, 10, '2024-07-11', 'A'),
(531, 104, 13, '2023-08-28', 'A'),
(532, 104, 7, '2024-12-22', 'D'),
(533, 104, 4, '2024-02-17', 'F'),
(534, 104, 8, '2023-07-04', 'B'),
(535, 104, 3, '2023-09-04', 'F'),
(536, 105, 14, '2023-04-12', 'B'),
(537, 105, 2, '2023-07-01', 'F'),
(538, 105, 1, '2023-12-31', 'C'),
(539, 105, 6, '2023-02-20', 'A'),
(540, 105, 5, '2024-02-25', 'B'),
(541, 106, 4, '2024-05-11', 'B'),
(542, 106, 10, '2024-07-10', 'F'),
(543, 106, 14, '2023-01-06', 'C'),
(544, 106, 1, '2023-04-29', 'D'),
(545, 106, 12, '2024-02-13', 'D'),
(546, 106, 9, '2023-11-04', 'A'),
(547, 106, 5, '2024-01-12', 'C'),
(548, 107, 2, '2024-04-12', 'B'),
(549, 107, 1, '2023-11-22', 'C'),
(550, 107, 11, '2023-08-03', 'C'),
(551, 107, 12, '2023-06-08', 'D'),
(552, 107, 15, '2024-11-09', 'C'),
(553, 108, 8, '2024-12-18', 'A'),
(554, 108, 1, '2023-12-04', 'C'),
(555, 108, 15, '2023-01-06', 'D'),
(556, 108, 12, '2024-05-26', 'A'),
(557, 108, 10, '2024-01-05', 'B'),
(558, 109, 10, '2024-08-20', 'A'),
(559, 109, 15, '2023-05-24', 'B'),
(560, 109, 4, '2023-10-20', 'A'),
(561, 109, 3, '2023-03-01', 'D'),
(562, 109, 1, '2023-11-27', 'B'),
(563, 109, 2, '2023-04-18', 'A'),
(564, 109, 9, '2023-03-05', 'B'),
(565, 110, 8, '2023-02-22', 'A'),
(566, 110, 3, '2023-12-29', 'D'),
(567, 110, 9, '2024-06-06', 'C'),
(568, 110, 10, '2024-06-19', 'F'),
(569, 110, 5, '2023-05-26', 'A'),
(570, 110, 7, '2024-02-02', 'C'),
(571, 111, 8, '2023-02-03', 'D'),
(572, 111, 1, '2023-08-21', 'D'),
(573, 111, 5, '2024-12-19', 'A'),
(574, 112, 13, '2023-08-11', 'F'),
(575, 112, 7, '2023-01-12', 'B'),
(576, 112, 2, '2023-11-18', 'B'),
(577, 112, 11, '2023-12-13', 'D'),
(578, 112, 1, '2024-07-09', 'B'),
(579, 112, 9, '2023-04-19', 'A'),
(580, 112, 4, '2023-12-23', 'A'),
(581, 113, 6, '2023-08-31', 'F'),
(582, 113, 13, '2023-05-08', 'D'),
(583, 113, 5, '2024-02-27', 'F'),
(584, 114, 10, '2024-01-06', 'C'),
(585, 114, 12, '2024-10-12', 'C'),
(586, 114, 4, '2024-07-01', 'D'),
(587, 115, 4, '2024-04-04', 'C'),
(588, 115, 6, '2024-06-23', 'F'),
(589, 115, 13, '2024-07-03', 'B'),
(590, 115, 14, '2024-03-24', 'F'),
(591, 116, 12, '2023-10-16', 'F'),
(592, 116, 13, '2023-04-09', 'D'),
(593, 116, 8, '2024-12-25', 'D'),
(594, 117, 2, '2023-02-24', 'D'),
(595, 117, 11, '2024-12-11', 'F'),
(596, 117, 7, '2023-08-08', 'F'),
(597, 117, 4, '2024-09-23', 'B'),
(598, 117, 14, '2023-08-27', 'C'),
(599, 117, 15, '2024-11-27', 'A'),
(600, 118, 2, '2024-12-11', 'A'),
(601, 118, 1, '2023-11-30', 'C'),
(602, 118, 11, '2023-01-28', 'A'),
(603, 118, 13, '2023-03-26', 'B'),
(604, 118, 12, '2023-10-26', 'D'),
(605, 118, 7, '2023-07-20', 'C'),
(606, 119, 11, '2023-11-21', 'D'),
(607, 119, 10, '2023-05-07', 'F'),
(608, 119, 8, '2024-11-05', 'C'),
(609, 119, 5, '2024-08-15', 'F'),
(610, 120, 6, '2023-12-16', 'B'),
(611, 120, 4, '2023-07-02', 'D'),
(612, 120, 7, '2024-06-24', 'A'),
(613, 120, 1, '2023-02-17', 'A'),
(614, 120, 10, '2023-07-23', 'D'),
(615, 120, 11, '2024-01-08', 'A'),
(616, 121, 8, '2023-09-14', 'D'),
(617, 121, 10, '2024-03-16', 'C'),
(618, 121, 3, '2023-01-26', 'B'),
(619, 121, 13, '2023-10-17', 'A'),
(620, 122, 12, '2024-11-22', 'A'),
(621, 122, 14, '2024-08-26', 'D'),
(622, 122, 3, '2024-05-13', 'B'),
(623, 122, 5, '2024-08-23', 'F'),
(624, 123, 10, '2024-04-01', 'A'),
(625, 123, 4, '2023-04-12', 'F'),
(626, 123, 13, '2023-01-05', 'C'),
(627, 123, 6, '2023-01-21', 'B'),
(628, 123, 3, '2024-01-05', 'A'),
(629, 123, 7, '2024-02-12', 'B'),
(630, 124, 5, '2024-11-27', 'F'),
(631, 124, 2, '2023-01-07', 'C'),
(632, 124, 12, '2024-02-01', 'C'),
(633, 124, 13, '2024-12-17', 'C'),
(634, 124, 7, '2023-11-11', 'F'),
(635, 124, 4, '2024-07-08', 'C'),
(636, 125, 15, '2023-07-23', 'C'),
(637, 125, 7, '2024-03-02', 'C'),
(638, 125, 4, '2024-07-21', 'F'),
(639, 125, 8, '2023-08-10', 'A'),
(640, 125, 11, '2023-08-20', 'A'),
(641, 125, 13, '2024-05-14', 'B'),
(642, 125, 1, '2023-09-24', 'C'),
(643, 126, 3, '2023-02-20', 'F'),
(644, 126, 11, '2024-09-26', 'A'),
(645, 126, 5, '2024-09-06', 'F'),
(646, 127, 15, '2024-04-15', 'F'),
(647, 127, 3, '2024-04-19', 'D'),
(648, 127, 12, '2024-03-08', 'D'),
(649, 127, 4, '2023-08-24', 'D'),
(650, 127, 9, '2024-07-17', 'B'),
(651, 127, 7, '2024-04-06', 'C'),
(652, 127, 2, '2024-01-29', 'C'),
(653, 128, 7, '2023-04-21', 'A'),
(654, 128, 11, '2023-02-09', 'B'),
(655, 128, 4, '2023-05-05', 'F'),
(656, 129, 12, '2023-03-14', 'C'),
(657, 129, 10, '2024-04-23', 'C'),
(658, 129, 7, '2023-05-17', 'B'),
(659, 129, 11, '2024-03-12', 'C'),
(660, 129, 14, '2023-03-30', 'F'),
(661, 129, 9, '2023-04-23', 'C'),
(662, 130, 15, '2024-12-03', 'B'),
(663, 130, 2, '2023-12-17', 'D'),
(664, 130, 8, '2023-11-07', 'C'),
(665, 130, 12, '2024-01-29', 'A'),
(666, 130, 13, '2023-10-05', 'F'),
(667, 131, 3, '2024-02-06', 'B'),
(668, 131, 15, '2024-07-19', 'B'),
(669, 131, 8, '2024-12-16', 'D'),
(670, 131, 11, '2023-01-16', 'A'),
(671, 131, 9, '2023-11-01', 'B'),
(672, 132, 2, '2024-04-20', 'A'),
(673, 132, 13, '2024-10-26', 'F'),
(674, 132, 14, '2023-12-07', 'F'),
(675, 133, 7, '2023-11-12', 'F'),
(676, 133, 8, '2023-11-25', 'C'),
(677, 133, 13, '2024-05-04', 'A'),
(678, 133, 9, '2023-03-17', 'A'),
(679, 133, 1, '2023-03-24', 'A'),
(680, 134, 13, '2023-12-16', 'A'),
(681, 134, 14, '2023-06-19', 'A'),
(682, 134, 10, '2023-10-19', 'D'),
(683, 135, 11, '2024-01-11', 'A'),
(684, 135, 15, '2024-09-18', 'D'),
(685, 135, 6, '2023-06-10', 'C'),
(686, 136, 1, '2023-11-06', 'D'),
(687, 136, 3, '2023-03-17', 'A'),
(688, 136, 12, '2023-06-06', 'C'),
(689, 136, 9, '2024-03-18', 'B'),
(690, 136, 15, '2024-08-31', 'C'),
(691, 136, 8, '2023-09-02', 'D'),
(692, 137, 9, '2023-07-06', 'D'),
(693, 137, 6, '2023-05-19', 'F'),
(694, 137, 8, '2024-04-28', 'C'),
(695, 137, 4, '2023-12-25', 'A'),
(696, 138, 4, '2024-03-18', 'A'),
(697, 138, 2, '2023-12-10', 'B'),
(698, 138, 9, '2024-07-14', 'C'),
(699, 138, 6, '2023-03-12', 'F'),
(700, 138, 1, '2023-02-15', 'F'),
(701, 138, 13, '2023-12-19', 'D'),
(702, 139, 5, '2024-06-22', 'F'),
(703, 139, 1, '2023-04-25', 'A'),
(704, 139, 14, '2023-07-11', 'F'),
(705, 140, 13, '2024-04-08', 'A'),
(706, 140, 7, '2023-11-22', 'C'),
(707, 140, 9, '2023-05-24', 'A'),
(708, 140, 14, '2023-08-10', 'A'),
(709, 140, 5, '2023-09-10', 'A'),
(710, 141, 12, '2023-12-24', 'F'),
(711, 141, 3, '2024-03-29', 'A'),
(712, 141, 10, '2023-04-03', 'D'),
(713, 141, 6, '2023-08-27', 'D'),
(714, 142, 5, '2024-07-01', 'C'),
(715, 142, 12, '2024-01-23', 'C'),
(716, 142, 6, '2024-10-15', 'D'),
(717, 142, 13, '2023-12-24', 'F'),
(718, 142, 10, '2023-04-03', 'F'),
(719, 142, 4, '2023-05-14', 'B'),
(720, 142, 9, '2023-07-19', 'C'),
(721, 143, 7, '2023-08-23', 'A'),
(722, 143, 13, '2023-03-12', 'B'),
(723, 143, 3, '2023-05-17', 'A'),
(724, 143, 6, '2024-03-14', 'D'),
(725, 143, 1, '2023-06-02', 'F'),
(726, 144, 3, '2024-02-02', 'C'),
(727, 144, 14, '2024-02-11', 'C'),
(728, 144, 15, '2023-01-05', 'D'),
(729, 144, 1, '2023-05-03', 'D'),
(730, 144, 10, '2024-07-22', 'B'),
(731, 144, 8, '2023-10-25', 'D'),
(732, 144, 6, '2023-02-10', 'F'),
(733, 145, 12, '2024-05-02', 'D'),
(734, 145, 3, '2023-03-08', 'D'),
(735, 145, 14, '2023-12-12', 'F'),
(736, 145, 9, '2023-06-27', 'C'),
(737, 145, 1, '2024-02-29', 'B'),
(738, 145, 2, '2024-02-05', 'D'),
(739, 145, 11, '2023-11-24', 'B'),
(740, 146, 12, '2024-10-04', 'F'),
(741, 146, 5, '2024-08-11', 'F'),
(742, 146, 13, '2024-06-13', 'D'),
(743, 146, 2, '2023-10-11', 'C'),
(744, 146, 8, '2024-12-24', 'A'),
(745, 146, 3, '2023-12-10', 'D'),
(746, 146, 4, '2024-11-20', 'A'),
(747, 147, 13, '2023-01-05', 'F'),
(748, 147, 2, '2024-03-10', 'F'),
(749, 147, 8, '2023-10-17', 'D'),
(750, 147, 3, '2024-01-12', 'C'),
(751, 147, 11, '2024-06-27', 'A'),
(752, 148, 1, '2023-08-04', 'A'),
(753, 148, 6, '2024-07-07', 'D'),
(754, 148, 11, '2024-10-23', 'A'),
(755, 148, 13, '2024-08-04', 'A'),
(756, 148, 15, '2023-06-11', 'D'),
(757, 148, 12, '2023-03-06', 'D'),
(758, 148, 9, '2024-04-17', 'A'),
(759, 149, 5, '2024-08-11', 'D'),
(760, 149, 12, '2024-09-27', 'B'),
(761, 149, 9, '2024-08-21', 'F'),
(762, 150, 5, '2024-06-11', 'C'),
(763, 150, 8, '2023-06-26', 'C'),
(764, 150, 13, '2024-06-15', 'D'),
(765, 150, 7, '2023-12-29', 'B'),
(766, 150, 2, '2024-03-25', 'D'),
(767, 150, 1, '2023-08-04', 'D'),
(768, 150, 14, '2023-11-10', 'A'),
(769, 151, 10, '2024-05-30', 'A'),
(770, 151, 2, '2024-01-15', 'D'),
(771, 151, 14, '2024-05-19', 'A'),
(772, 151, 12, '2024-03-04', 'A'),
(773, 151, 11, '2024-05-29', 'F'),
(774, 152, 6, '2023-08-07', 'A'),
(775, 152, 7, '2023-10-10', 'D'),
(776, 152, 10, '2024-05-09', 'B'),
(777, 152, 5, '2023-04-05', 'F'),
(778, 152, 1, '2023-08-23', 'C'),
(779, 152, 14, '2024-11-28', 'F'),
(780, 153, 12, '2024-08-25', 'F'),
(781, 153, 7, '2023-01-11', 'C'),
(782, 153, 9, '2023-03-04', 'D'),
(783, 153, 1, '2024-06-12', 'C'),
(784, 153, 2, '2024-10-26', 'B'),
(785, 154, 15, '2023-12-06', 'D'),
(786, 154, 5, '2024-04-02', 'A'),
(787, 154, 7, '2024-10-06', 'F'),
(788, 154, 3, '2023-11-23', 'A'),
(789, 154, 4, '2023-12-23', 'C'),
(790, 155, 5, '2023-11-06', 'D'),
(791, 155, 3, '2024-09-04', 'C'),
(792, 155, 12, '2023-12-24', 'C'),
(793, 156, 4, '2024-02-27', 'F'),
(794, 156, 8, '2024-05-13', 'D'),
(795, 156, 7, '2024-11-22', 'D'),
(796, 157, 2, '2024-08-17', 'F'),
(797, 157, 4, '2023-02-26', 'F'),
(798, 157, 9, '2023-03-26', 'A'),
(799, 157, 6, '2023-10-07', 'A'),
(800, 158, 14, '2023-08-30', 'B'),
(801, 158, 6, '2024-01-14', 'A'),
(802, 158, 4, '2023-02-03', 'F'),
(803, 158, 2, '2024-10-21', 'A'),
(804, 158, 5, '2024-07-19', 'D'),
(805, 158, 1, '2023-03-24', 'F'),
(806, 159, 3, '2024-07-13', 'B'),
(807, 159, 12, '2023-05-26', 'F'),
(808, 159, 6, '2024-07-09', 'B'),
(809, 159, 7, '2024-02-25', 'A'),
(810, 159, 5, '2024-08-05', 'C'),
(811, 159, 4, '2023-11-23', 'A'),
(812, 160, 6, '2024-08-18', 'B'),
(813, 160, 12, '2023-10-30', 'F'),
(814, 160, 1, '2024-12-05', 'D'),
(815, 161, 12, '2024-03-03', 'D'),
(816, 161, 6, '2024-02-15', 'C'),
(817, 161, 4, '2024-10-17', 'B'),
(818, 161, 13, '2024-03-29', 'F'),
(819, 162, 6, '2024-06-23', 'A'),
(820, 162, 2, '2023-08-28', 'B'),
(821, 162, 12, '2023-02-20', 'C'),
(822, 162, 10, '2024-07-08', 'D'),
(823, 162, 13, '2023-07-28', 'A'),
(824, 163, 15, '2024-12-16', 'D'),
(825, 163, 12, '2023-04-16', 'D'),
(826, 163, 10, '2024-08-23', 'F'),
(827, 163, 8, '2023-11-02', 'B'),
(828, 163, 14, '2024-11-29', 'D'),
(829, 163, 2, '2023-09-06', 'B'),
(830, 163, 11, '2023-08-06', 'C'),
(831, 164, 8, '2023-07-04', 'F'),
(832, 164, 7, '2024-01-21', 'F'),
(833, 164, 1, '2023-12-25', 'A'),
(834, 164, 5, '2024-07-05', 'A'),
(835, 164, 2, '2023-04-12', 'B'),
(836, 164, 15, '2024-04-24', 'B'),
(837, 165, 6, '2024-03-05', 'D'),
(838, 165, 4, '2024-02-08', 'D'),
(839, 165, 11, '2024-05-22', 'C'),
(840, 165, 13, '2024-06-20', 'F'),
(841, 165, 3, '2023-09-19', 'C'),
(842, 165, 10, '2023-01-06', 'B'),
(843, 165, 8, '2023-06-27', 'F'),
(844, 166, 1, '2024-08-15', 'D'),
(845, 166, 8, '2024-07-30', 'D'),
(846, 166, 6, '2024-08-20', 'C'),
(847, 167, 9, '2024-01-06', 'C'),
(848, 167, 12, '2023-12-30', 'A'),
(849, 167, 6, '2023-11-07', 'C'),
(850, 168, 12, '2024-03-17', 'B'),
(851, 168, 5, '2024-12-07', 'F'),
(852, 168, 2, '2024-01-27', 'D'),
(853, 168, 13, '2023-09-15', 'A'),
(854, 168, 3, '2023-06-28', 'A'),
(855, 168, 9, '2023-06-06', 'C'),
(856, 169, 15, '2024-10-23', 'B'),
(857, 169, 13, '2023-12-20', 'F'),
(858, 169, 1, '2023-04-06', 'A'),
(859, 169, 8, '2023-01-04', 'B'),
(860, 169, 2, '2023-12-20', 'F'),
(861, 170, 3, '2024-08-09', 'A'),
(862, 170, 13, '2024-04-15', 'D'),
(863, 170, 8, '2024-04-02', 'F'),
(864, 170, 4, '2023-02-13', 'D'),
(865, 170, 2, '2023-01-23', 'B'),
(866, 171, 13, '2023-11-18', 'A'),
(867, 171, 3, '2023-06-25', 'C'),
(868, 171, 14, '2024-01-04', 'A'),
(869, 171, 5, '2024-09-07', 'C'),
(870, 171, 11, '2023-01-21', 'A'),
(871, 171, 10, '2023-03-20', 'F'),
(872, 171, 7, '2023-01-27', 'B'),
(873, 172, 4, '2023-11-14', 'F'),
(874, 172, 15, '2023-10-19', 'B'),
(875, 172, 2, '2024-04-11', 'B'),
(876, 173, 11, '2024-07-25', 'A'),
(877, 173, 4, '2023-04-03', 'B'),
(878, 173, 3, '2024-07-29', 'F'),
(879, 173, 1, '2024-12-03', 'D'),
(880, 173, 5, '2023-08-30', 'D'),
(881, 173, 7, '2024-03-26', 'A'),
(882, 174, 11, '2023-10-29', 'A'),
(883, 174, 15, '2024-04-06', 'F'),
(884, 174, 8, '2023-04-15', 'F'),
(885, 174, 9, '2024-04-26', 'B'),
(886, 174, 2, '2024-11-04', 'C'),
(887, 174, 1, '2024-08-12', 'D'),
(888, 174, 6, '2024-05-31', 'D'),
(889, 175, 3, '2023-05-02', 'D'),
(890, 175, 12, '2024-03-14', 'D'),
(891, 175, 4, '2024-10-03', 'B'),
(892, 175, 9, '2023-05-06', 'D'),
(893, 175, 5, '2023-03-13', 'D'),
(894, 175, 15, '2023-05-08', 'B'),
(895, 175, 8, '2024-04-25', 'C'),
(896, 176, 4, '2023-06-08', 'D'),
(897, 176, 8, '2023-04-01', 'D'),
(898, 176, 13, '2024-08-26', 'A'),
(899, 176, 15, '2023-09-05', 'C'),
(900, 176, 9, '2024-01-16', 'F'),
(901, 176, 14, '2023-03-09', 'D'),
(902, 177, 2, '2023-12-21', 'C'),
(903, 177, 11, '2024-07-21', 'F'),
(904, 177, 5, '2024-10-05', 'D'),
(905, 177, 7, '2024-09-03', 'A'),
(906, 177, 8, '2024-06-01', 'A'),
(907, 177, 4, '2023-06-25', 'D'),
(908, 177, 10, '2024-04-15', 'A'),
(909, 178, 1, '2024-08-28', 'A'),
(910, 178, 15, '2023-04-25', 'D'),
(911, 178, 4, '2024-09-13', 'B'),
(912, 179, 5, '2024-10-24', 'D'),
(913, 179, 9, '2024-10-12', 'C'),
(914, 179, 11, '2024-02-12', 'F'),
(915, 180, 9, '2024-01-09', 'C'),
(916, 180, 8, '2024-10-19', 'B'),
(917, 180, 3, '2023-08-20', 'D'),
(918, 180, 6, '2023-02-20', 'C'),
(919, 180, 15, '2024-08-26', 'A'),
(920, 180, 13, '2024-06-12', 'B'),
(921, 180, 12, '2023-06-22', 'A'),
(922, 181, 9, '2024-07-26', 'F'),
(923, 181, 5, '2024-06-04', 'A'),
(924, 181, 10, '2023-08-28', 'D'),
(925, 182, 9, '2023-02-23', 'A'),
(926, 182, 14, '2024-12-01', 'B'),
(927, 182, 2, '2023-07-22', 'D'),
(928, 182, 4, '2023-06-29', 'B'),
(929, 182, 6, '2023-01-24', 'D'),
(930, 182, 15, '2023-01-17', 'C'),
(931, 183, 4, '2024-02-21', 'A'),
(932, 183, 2, '2023-02-02', 'B'),
(933, 183, 1, '2024-05-10', 'A'),
(934, 183, 6, '2024-08-31', 'F'),
(935, 184, 8, '2023-04-05', 'B'),
(936, 184, 12, '2023-09-06', 'F'),
(937, 184, 13, '2024-10-10', 'C'),
(938, 184, 15, '2024-08-31', 'A'),
(939, 184, 7, '2024-03-25', 'A'),
(940, 184, 4, '2023-08-17', 'F'),
(941, 184, 3, '2024-09-19', 'D'),
(942, 185, 11, '2024-06-25', 'C'),
(943, 185, 12, '2023-12-19', 'D'),
(944, 185, 5, '2024-10-27', 'F'),
(945, 185, 15, '2024-04-07', 'A'),
(946, 185, 8, '2023-11-23', 'A'),
(947, 186, 5, '2024-05-01', 'C'),
(948, 186, 4, '2023-06-09', 'D'),
(949, 186, 14, '2024-02-18', 'C'),
(950, 186, 7, '2023-06-28', 'A'),
(951, 186, 12, '2023-03-30', 'F'),
(952, 186, 9, '2023-03-04', 'F'),
(953, 186, 2, '2024-07-23', 'F'),
(954, 187, 7, '2023-09-11', 'B'),
(955, 187, 11, '2023-01-30', 'A'),
(956, 187, 5, '2023-06-29', 'B'),
(957, 187, 14, '2024-10-17', 'A'),
(958, 187, 12, '2024-02-03', 'B'),
(959, 188, 14, '2023-02-16', 'F'),
(960, 188, 7, '2023-10-12', 'B'),
(961, 188, 12, '2023-10-23', 'F'),
(962, 188, 8, '2023-05-01', 'F'),
(963, 188, 11, '2023-02-02', 'B'),
(964, 189, 13, '2023-10-17', 'A'),
(965, 189, 3, '2024-10-12', 'D'),
(966, 189, 15, '2024-02-26', 'F'),
(967, 189, 2, '2024-02-26', 'D'),
(968, 189, 11, '2024-10-18', 'D'),
(969, 189, 6, '2023-05-18', 'F'),
(970, 189, 10, '2023-04-19', 'B'),
(971, 190, 13, '2023-05-16', 'B'),
(972, 190, 4, '2024-12-16', 'C'),
(973, 190, 3, '2024-01-13', 'B'),
(974, 190, 15, '2023-09-14', 'A'),
(975, 190, 2, '2023-08-20', 'C'),
(976, 190, 11, '2024-04-15', 'B'),
(977, 191, 9, '2023-12-05', 'A'),
(978, 191, 14, '2024-11-21', 'A'),
(979, 191, 7, '2024-11-13', 'A'),
(980, 192, 11, '2024-08-22', 'B'),
(981, 192, 10, '2024-12-24', 'D'),
(982, 192, 7, '2024-10-09', 'C'),
(983, 192, 13, '2024-10-11', 'B'),
(984, 192, 3, '2023-12-15', 'F'),
(985, 193, 11, '2023-03-10', 'C'),
(986, 193, 13, '2024-08-11', 'F'),
(987, 193, 6, '2024-06-21', 'D'),
(988, 193, 10, '2023-05-07', 'B'),
(989, 193, 4, '2024-06-06', 'A'),
(990, 194, 10, '2024-09-20', 'A'),
(991, 194, 7, '2023-02-13', 'F'),
(992, 194, 8, '2023-05-14', 'F'),
(993, 194, 14, '2024-05-30', 'C'),
(994, 195, 2, '2024-11-18', 'F'),
(995, 195, 6, '2024-05-30', 'D'),
(996, 195, 9, '2024-01-04', 'C'),
(997, 195, 10, '2024-12-02', 'F'),
(998, 195, 8, '2023-01-14', 'B'),
(999, 196, 1, '2023-12-01', 'A'),
(1000, 196, 8, '2023-08-08', 'F'),
(1001, 196, 13, '2023-11-22', 'F'),
(1002, 196, 3, '2023-02-02', 'B'),
(1003, 196, 6, '2023-04-10', 'B'),
(1004, 197, 1, '2024-06-06', 'A'),
(1005, 197, 7, '2024-10-07', 'B'),
(1006, 197, 4, '2023-12-17', 'B'),
(1007, 197, 11, '2024-04-27', 'C'),
(1008, 197, 8, '2023-03-06', 'A'),
(1009, 197, 15, '2024-03-02', 'B'),
(1010, 197, 14, '2024-03-26', 'A'),
(1011, 198, 7, '2023-10-06', 'B'),
(1012, 198, 6, '2024-01-21', 'A'),
(1013, 198, 13, '2024-02-16', 'A'),
(1014, 198, 12, '2024-12-22', 'D'),
(1015, 198, 4, '2023-01-23', 'D'),
(1016, 198, 1, '2023-07-10', 'C'),
(1017, 198, 11, '2023-12-30', 'F'),
(1018, 199, 13, '2024-08-04', 'C'),
(1019, 199, 14, '2023-05-04', 'F'),
(1020, 199, 8, '2024-10-01', 'D'),
(1021, 199, 10, '2024-05-27', 'A'),
(1022, 200, 4, '2024-05-11', 'F'),
(1023, 200, 3, '2024-11-30', 'D'),
(1024, 200, 6, '2023-09-15', 'F'),
(1025, 200, 11, '2024-07-16', 'D'),
(1026, 200, 13, '2023-06-13', 'D'),
(1027, 200, 2, '2023-06-12', 'F'),
(1028, 201, 10, '2024-03-05', 'F'),
(1029, 201, 11, '2023-12-20', 'A'),
(1030, 201, 1, '2024-10-04', 'A'),
(1031, 201, 9, '2024-10-24', 'A'),
(1032, 202, 2, '2024-06-11', 'C'),
(1033, 202, 9, '2023-01-17', 'A'),
(1034, 202, 7, '2024-07-06', 'A'),
(1035, 203, 13, '2023-07-05', 'A'),
(1036, 203, 6, '2023-03-12', 'B'),
(1037, 203, 8, '2024-02-01', 'A'),
(1038, 203, 15, '2023-04-02', 'C'),
(1039, 203, 1, '2023-10-29', 'B'),
(1040, 204, 12, '2023-02-22', 'A'),
(1041, 204, 2, '2023-01-04', 'F'),
(1042, 204, 10, '2024-05-04', 'C'),
(1043, 204, 3, '2023-04-04', 'D'),
(1044, 204, 5, '2024-12-14', 'C'),
(1045, 205, 12, '2024-02-26', 'C'),
(1046, 205, 2, '2024-12-28', 'B'),
(1047, 205, 15, '2023-11-07', 'C'),
(1048, 205, 5, '2024-04-03', 'C'),
(1049, 205, 3, '2023-06-14', 'A'),
(1050, 206, 1, '2023-07-17', 'D'),
(1051, 206, 6, '2024-03-19', 'B'),
(1052, 206, 12, '2023-04-08', 'A'),
(1053, 206, 8, '2024-02-07', 'B'),
(1054, 207, 13, '2023-12-08', 'A'),
(1055, 207, 8, '2023-01-18', 'A'),
(1056, 207, 11, '2023-10-12', 'D'),
(1057, 207, 14, '2024-08-03', 'F'),
(1058, 207, 2, '2024-08-01', 'A'),
(1059, 207, 15, '2023-08-15', 'C'),
(1060, 208, 14, '2024-05-04', 'C'),
(1061, 208, 15, '2024-12-12', 'B'),
(1062, 208, 3, '2024-07-18', 'D'),
(1063, 209, 9, '2024-11-04', 'B'),
(1064, 209, 10, '2023-04-26', 'C'),
(1065, 209, 3, '2024-09-02', 'D'),
(1066, 209, 11, '2023-10-27', 'A'),
(1067, 210, 1, '2024-05-06', 'A'),
(1068, 210, 8, '2024-04-03', 'B'),
(1069, 210, 4, '2023-11-05', 'C'),
(1070, 210, 14, '2024-08-31', 'B'),
(1071, 211, 6, '2024-07-25', 'C'),
(1072, 211, 8, '2024-07-30', 'C'),
(1073, 211, 10, '2023-07-17', 'F'),
(1074, 212, 4, '2023-07-15', 'D'),
(1075, 212, 13, '2024-09-28', 'B'),
(1076, 212, 3, '2024-04-15', 'B'),
(1077, 213, 3, '2023-12-03', 'B'),
(1078, 213, 1, '2024-07-23', 'D'),
(1079, 213, 14, '2024-04-25', 'B'),
(1080, 214, 14, '2024-06-21', 'C'),
(1081, 214, 10, '2023-01-19', 'B'),
(1082, 214, 9, '2023-07-30', 'B'),
(1083, 214, 13, '2023-04-20', 'A'),
(1084, 214, 1, '2023-07-28', 'A'),
(1085, 214, 3, '2024-04-07', 'A'),
(1086, 214, 15, '2023-11-04', 'D'),
(1087, 215, 12, '2023-09-10', 'B'),
(1088, 215, 5, '2024-03-27', 'D'),
(1089, 215, 3, '2024-01-25', 'A'),
(1090, 215, 11, '2024-05-15', 'A'),
(1091, 216, 1, '2023-06-24', 'C'),
(1092, 216, 15, '2023-06-21', 'C'),
(1093, 216, 3, '2023-09-26', 'C'),
(1094, 216, 8, '2023-07-10', 'A'),
(1095, 216, 7, '2023-05-08', 'C'),
(1096, 216, 10, '2023-03-01', 'A'),
(1097, 217, 6, '2024-12-24', 'B'),
(1098, 217, 11, '2024-10-16', 'B'),
(1099, 217, 5, '2024-03-29', 'B'),
(1100, 217, 12, '2023-05-10', 'D'),
(1101, 217, 4, '2024-04-05', 'B'),
(1102, 217, 7, '2023-09-28', 'D'),
(1103, 218, 11, '2023-07-30', 'C'),
(1104, 218, 8, '2024-12-29', 'B'),
(1105, 218, 12, '2023-08-14', 'F'),
(1106, 218, 14, '2024-08-26', 'B'),
(1107, 219, 10, '2023-06-22', 'F'),
(1108, 219, 4, '2024-06-18', 'B'),
(1109, 219, 15, '2024-04-27', 'A'),
(1110, 219, 7, '2024-07-04', 'D'),
(1111, 219, 8, '2023-04-01', 'F'),
(1112, 219, 11, '2024-09-05', 'B'),
(1113, 220, 1, '2024-03-30', 'C'),
(1114, 220, 8, '2024-03-30', 'A'),
(1115, 220, 14, '2023-05-14', 'C'),
(1116, 221, 10, '2024-12-01', 'F'),
(1117, 221, 1, '2024-10-04', 'D'),
(1118, 221, 11, '2023-09-14', 'D'),
(1119, 222, 10, '2024-01-14', 'F'),
(1120, 222, 2, '2024-11-27', 'D'),
(1121, 222, 5, '2023-09-17', 'F'),
(1122, 222, 11, '2024-06-12', 'D'),
(1123, 222, 8, '2023-03-23', 'C'),
(1124, 222, 6, '2023-06-06', 'A'),
(1125, 222, 4, '2023-09-25', 'D'),
(1126, 223, 2, '2024-04-13', 'B'),
(1127, 223, 13, '2023-07-12', 'A'),
(1128, 223, 1, '2023-07-16', 'D'),
(1129, 224, 12, '2024-11-01', 'A'),
(1130, 224, 6, '2024-08-25', 'B'),
(1131, 224, 1, '2024-07-02', 'F'),
(1132, 225, 15, '2024-07-22', 'F'),
(1133, 225, 11, '2023-01-16', 'D'),
(1134, 225, 2, '2023-06-08', 'C'),
(1135, 225, 9, '2024-01-29', 'C'),
(1136, 225, 8, '2023-11-14', 'F'),
(1137, 225, 7, '2023-08-30', 'D'),
(1138, 226, 13, '2024-05-12', 'C'),
(1139, 226, 7, '2023-06-06', 'B'),
(1140, 226, 1, '2024-03-11', 'C'),
(1141, 227, 7, '2024-12-03', 'B'),
(1142, 227, 2, '2024-05-01', 'C'),
(1143, 227, 13, '2023-09-06', 'A'),
(1144, 227, 8, '2023-10-04', 'D'),
(1145, 227, 14, '2023-01-23', 'F'),
(1146, 227, 10, '2023-12-24', 'F'),
(1147, 227, 5, '2023-11-05', 'C'),
(1148, 228, 8, '2023-07-12', 'F'),
(1149, 228, 2, '2024-10-15', 'C'),
(1150, 228, 6, '2024-12-15', 'B'),
(1151, 228, 13, '2024-07-06', 'C'),
(1152, 229, 1, '2023-09-23', 'A'),
(1153, 229, 12, '2023-07-03', 'D'),
(1154, 229, 2, '2024-06-12', 'C'),
(1155, 229, 15, '2024-12-31', 'F'),
(1156, 230, 1, '2023-01-30', 'D'),
(1157, 230, 6, '2023-05-15', 'D'),
(1158, 230, 8, '2023-08-11', 'C'),
(1159, 230, 5, '2023-08-03', 'C'),
(1160, 231, 12, '2024-08-04', 'B'),
(1161, 231, 7, '2024-06-25', 'F'),
(1162, 231, 15, '2024-04-10', 'C'),
(1163, 232, 5, '2023-03-20', 'D'),
(1164, 232, 13, '2024-07-12', 'B'),
(1165, 232, 10, '2023-04-18', 'B'),
(1166, 232, 8, '2023-05-11', 'A'),
(1167, 232, 12, '2024-06-26', 'A'),
(1168, 233, 3, '2023-11-06', 'D'),
(1169, 233, 1, '2023-10-28', 'B'),
(1170, 233, 14, '2023-08-09', 'A'),
(1171, 234, 8, '2023-10-08', 'F'),
(1172, 234, 7, '2023-03-23', 'B'),
(1173, 234, 13, '2024-10-29', 'B'),
(1174, 234, 12, '2024-11-27', 'A'),
(1175, 234, 15, '2024-02-02', 'A'),
(1176, 234, 9, '2023-09-03', 'D'),
(1177, 234, 3, '2024-02-10', 'D'),
(1178, 235, 13, '2024-05-19', 'C'),
(1179, 235, 9, '2023-03-25', 'B'),
(1180, 235, 10, '2024-10-29', 'F'),
(1181, 235, 6, '2024-11-15', 'C'),
(1182, 236, 11, '2024-06-13', 'F'),
(1183, 236, 5, '2023-03-07', 'C'),
(1184, 236, 10, '2024-06-07', 'F'),
(1185, 236, 7, '2023-09-27', 'C'),
(1186, 236, 12, '2023-10-20', 'B'),
(1187, 236, 6, '2024-12-01', 'F'),
(1188, 236, 1, '2024-02-03', 'A'),
(1189, 237, 6, '2024-10-25', 'D'),
(1190, 237, 5, '2024-07-23', 'A'),
(1191, 237, 2, '2024-08-20', 'F'),
(1192, 237, 4, '2024-04-04', 'A'),
(1193, 237, 3, '2023-04-06', 'F'),
(1194, 238, 12, '2024-10-05', 'B'),
(1195, 238, 2, '2024-04-02', 'F'),
(1196, 238, 7, '2023-08-13', 'B'),
(1197, 239, 3, '2023-05-31', 'C'),
(1198, 239, 6, '2024-12-23', 'A'),
(1199, 239, 4, '2023-06-13', 'B'),
(1200, 239, 7, '2023-08-08', 'D'),
(1201, 240, 13, '2023-06-02', 'B'),
(1202, 240, 10, '2024-08-11', 'F'),
(1203, 240, 11, '2023-10-10', 'B'),
(1204, 240, 3, '2024-06-26', 'A'),
(1205, 240, 4, '2024-08-04', 'D'),
(1206, 240, 8, '2023-03-04', 'B'),
(1207, 241, 5, '2024-08-16', 'C'),
(1208, 241, 9, '2023-03-30', 'B'),
(1209, 241, 4, '2023-02-12', 'D'),
(1210, 241, 15, '2023-02-08', 'D'),
(1211, 242, 8, '2024-10-31', 'D'),
(1212, 242, 9, '2024-05-06', 'D'),
(1213, 242, 11, '2023-11-19', 'D'),
(1214, 242, 1, '2023-02-07', 'F'),
(1215, 243, 4, '2024-02-03', 'A'),
(1216, 243, 15, '2024-01-09', 'F'),
(1217, 243, 11, '2024-03-04', 'F'),
(1218, 243, 12, '2024-12-10', 'C'),
(1219, 244, 3, '2023-12-27', 'D'),
(1220, 244, 1, '2023-06-24', 'D'),
(1221, 244, 14, '2024-09-24', 'C'),
(1222, 244, 9, '2024-06-02', 'B'),
(1223, 245, 5, '2023-11-16', 'D'),
(1224, 245, 8, '2023-01-20', 'C'),
(1225, 245, 13, '2023-11-14', 'A'),
(1226, 245, 3, '2023-04-04', 'F'),
(1227, 245, 1, '2024-08-16', 'D'),
(1228, 246, 8, '2024-10-17', 'F'),
(1229, 246, 11, '2024-06-20', 'D'),
(1230, 246, 4, '2023-11-16', 'D'),
(1231, 246, 7, '2024-07-01', 'C'),
(1232, 246, 6, '2024-03-19', 'B'),
(1233, 246, 10, '2024-12-21', 'F'),
(1234, 247, 5, '2023-05-28', 'B'),
(1235, 247, 2, '2023-05-20', 'B'),
(1236, 247, 1, '2023-07-15', 'F'),
(1237, 247, 15, '2023-04-01', 'C'),
(1238, 248, 6, '2023-04-21', 'F'),
(1239, 248, 11, '2024-10-07', 'D'),
(1240, 248, 9, '2024-03-10', 'A'),
(1241, 248, 10, '2024-06-25', 'D'),
(1242, 249, 5, '2024-04-20', 'F'),
(1243, 249, 3, '2023-04-28', 'A'),
(1244, 249, 2, '2023-10-31', 'F'),
(1245, 249, 10, '2023-07-22', 'C'),
(1246, 249, 13, '2023-12-11', 'B'),
(1247, 249, 12, '2024-01-10', 'C'),
(1248, 250, 6, '2023-10-20', 'B'),
(1249, 250, 4, '2023-08-16', 'A'),
(1250, 250, 3, '2024-09-13', 'D'),
(1251, 251, 5, '2023-02-28', 'B'),
(1252, 251, 7, '2024-01-31', 'D'),
(1253, 251, 12, '2024-04-24', 'C'),
(1254, 251, 1, '2024-10-15', 'F'),
(1255, 251, 10, '2023-02-19', 'C'),
(1256, 252, 3, '2024-10-03', 'F'),
(1257, 252, 10, '2023-05-20', 'D'),
(1258, 252, 8, '2023-04-25', 'A'),
(1259, 252, 14, '2024-08-18', 'B'),
(1260, 252, 2, '2024-08-17', 'B'),
(1261, 252, 12, '2023-10-12', 'D'),
(1262, 253, 1, '2024-07-27', 'C'),
(1263, 253, 8, '2024-06-03', 'F'),
(1264, 253, 9, '2023-10-14', 'D'),
(1265, 253, 11, '2024-03-06', 'C'),
(1266, 253, 7, '2024-10-24', 'A'),
(1267, 254, 5, '2023-03-01', 'A'),
(1268, 254, 2, '2023-07-08', 'A'),
(1269, 254, 10, '2024-08-07', 'D'),
(1270, 254, 11, '2023-09-25', 'C'),
(1271, 255, 13, '2024-03-10', 'C'),
(1272, 255, 4, '2023-05-18', 'F'),
(1273, 255, 11, '2023-03-13', 'A'),
(1274, 255, 5, '2024-06-04', 'A'),
(1275, 255, 9, '2024-05-11', 'F'),
(1276, 256, 9, '2023-02-11', 'B'),
(1277, 256, 7, '2024-10-22', 'D'),
(1278, 256, 14, '2024-01-26', 'F'),
(1279, 256, 10, '2024-01-14', 'D'),
(1280, 257, 2, '2023-04-28', 'A'),
(1281, 257, 6, '2023-06-18', 'B'),
(1282, 257, 10, '2024-01-09', 'B'),
(1283, 258, 15, '2024-03-06', 'F'),
(1284, 258, 5, '2023-02-20', 'A'),
(1285, 258, 8, '2023-04-30', 'A'),
(1286, 258, 4, '2023-06-16', 'B'),
(1287, 259, 15, '2024-08-09', 'B'),
(1288, 259, 4, '2024-07-10', 'A'),
(1289, 259, 9, '2023-03-08', 'C'),
(1290, 259, 5, '2024-07-06', 'B'),
(1291, 259, 13, '2023-05-24', 'D'),
(1292, 260, 3, '2023-06-14', 'F'),
(1293, 260, 7, '2023-07-10', 'F'),
(1294, 260, 1, '2023-01-09', 'B'),
(1295, 260, 4, '2023-05-09', 'A'),
(1296, 260, 11, '2023-01-04', 'B'),
(1297, 261, 3, '2024-07-13', 'C'),
(1298, 261, 9, '2024-01-05', 'A'),
(1299, 261, 8, '2023-01-25', 'A'),
(1300, 261, 1, '2023-03-25', 'A'),
(1301, 261, 10, '2024-03-08', 'A'),
(1302, 261, 15, '2023-11-02', 'F'),
(1303, 261, 4, '2024-01-23', 'B'),
(1304, 262, 11, '2024-06-16', 'F'),
(1305, 262, 3, '2024-07-29', 'B'),
(1306, 262, 6, '2024-11-12', 'C'),
(1307, 262, 1, '2024-06-23', 'D'),
(1308, 263, 12, '2023-03-16', 'A'),
(1309, 263, 2, '2024-12-24', 'C'),
(1310, 263, 15, '2023-12-28', 'B'),
(1311, 264, 1, '2023-06-17', 'B'),
(1312, 264, 13, '2023-10-11', 'F'),
(1313, 264, 10, '2023-06-29', 'C'),
(1314, 265, 2, '2024-09-10', 'F'),
(1315, 265, 6, '2024-12-18', 'F'),
(1316, 265, 15, '2023-01-24', 'F'),
(1317, 265, 12, '2023-12-07', 'D'),
(1318, 266, 15, '2023-10-27', 'D'),
(1319, 266, 6, '2023-02-13', 'D'),
(1320, 266, 11, '2023-02-04', 'A'),
(1321, 267, 9, '2024-11-12', 'F'),
(1322, 267, 7, '2023-09-08', 'F'),
(1323, 267, 1, '2023-07-13', 'D'),
(1324, 267, 11, '2024-03-30', 'B'),
(1325, 267, 5, '2023-11-15', 'B'),
(1326, 267, 6, '2024-02-19', 'F'),
(1327, 268, 12, '2023-12-19', 'C'),
(1328, 268, 15, '2024-03-19', 'B'),
(1329, 268, 10, '2024-06-07', 'D'),
(1330, 268, 3, '2024-08-26', 'D'),
(1331, 268, 1, '2024-09-14', 'F'),
(1332, 268, 5, '2023-12-20', 'C'),
(1333, 268, 4, '2024-01-27', 'F'),
(1334, 269, 1, '2024-11-03', 'B'),
(1335, 269, 14, '2023-12-07', 'B'),
(1336, 269, 11, '2023-06-29', 'A'),
(1337, 270, 4, '2023-05-13', 'D'),
(1338, 270, 14, '2023-03-10', 'C'),
(1339, 270, 8, '2023-06-02', 'B'),
(1340, 270, 7, '2023-02-26', 'D'),
(1341, 270, 9, '2024-05-05', 'B'),
(1342, 270, 3, '2024-12-27', 'B'),
(1343, 271, 9, '2024-08-13', 'D'),
(1344, 271, 14, '2023-10-27', 'D'),
(1345, 271, 12, '2023-08-17', 'C'),
(1346, 271, 11, '2023-09-25', 'A'),
(1347, 272, 7, '2023-08-27', 'B'),
(1348, 272, 2, '2023-10-21', 'D'),
(1349, 272, 6, '2023-03-05', 'D'),
(1350, 272, 14, '2023-08-12', 'D'),
(1351, 272, 8, '2023-10-14', 'F'),
(1352, 272, 1, '2024-02-27', 'F'),
(1353, 273, 9, '2023-04-17', 'C'),
(1354, 273, 14, '2023-05-23', 'D'),
(1355, 273, 1, '2024-06-26', 'C'),
(1356, 273, 6, '2024-01-13', 'A'),
(1357, 273, 12, '2024-02-05', 'B'),
(1358, 274, 10, '2024-10-30', 'A'),
(1359, 274, 8, '2023-11-23', 'C'),
(1360, 274, 13, '2024-11-09', 'B'),
(1361, 274, 12, '2024-05-01', 'B'),
(1362, 274, 3, '2023-07-25', 'D'),
(1363, 275, 14, '2023-05-27', 'B'),
(1364, 275, 12, '2024-12-18', 'F'),
(1365, 275, 8, '2023-06-27', 'F'),
(1366, 276, 15, '2023-01-22', 'C'),
(1367, 276, 1, '2024-10-28', 'F'),
(1368, 276, 2, '2023-03-23', 'B'),
(1369, 276, 10, '2023-05-17', 'B'),
(1370, 276, 13, '2024-10-31', 'B'),
(1371, 276, 6, '2024-11-06', 'F'),
(1372, 276, 4, '2024-09-19', 'A'),
(1373, 277, 2, '2024-04-26', 'D'),
(1374, 277, 14, '2023-10-24', 'F'),
(1375, 277, 1, '2024-12-21', 'A'),
(1376, 277, 8, '2024-05-23', 'C'),
(1377, 277, 11, '2024-09-27', 'F'),
(1378, 277, 5, '2023-02-14', 'C'),
(1379, 278, 12, '2024-12-14', 'D'),
(1380, 278, 11, '2024-01-20', 'D'),
(1381, 278, 2, '2024-05-12', 'B'),
(1382, 279, 7, '2024-05-08', 'A'),
(1383, 279, 15, '2024-06-18', 'D'),
(1384, 279, 6, '2023-10-06', 'D'),
(1385, 279, 9, '2023-10-25', 'D'),
(1386, 279, 14, '2023-05-03', 'D'),
(1387, 279, 1, '2024-03-19', 'C'),
(1388, 279, 4, '2023-07-17', 'D'),
(1389, 280, 13, '2024-04-19', 'A'),
(1390, 280, 11, '2024-11-22', 'D'),
(1391, 280, 7, '2023-01-26', 'F'),
(1392, 280, 15, '2023-08-25', 'F'),
(1393, 281, 3, '2023-01-02', 'D'),
(1394, 281, 14, '2024-03-06', 'C'),
(1395, 281, 1, '2024-11-28', 'F'),
(1396, 281, 9, '2024-09-13', 'D'),
(1397, 282, 11, '2024-05-29', 'A'),
(1398, 282, 5, '2024-08-13', 'D'),
(1399, 282, 13, '2023-08-08', 'F'),
(1400, 282, 14, '2023-12-09', 'A'),
(1401, 282, 2, '2023-10-03', 'D'),
(1402, 283, 9, '2024-01-01', 'F'),
(1403, 283, 11, '2023-12-24', 'B'),
(1404, 283, 13, '2024-10-05', 'D'),
(1405, 283, 3, '2024-06-06', 'D'),
(1406, 283, 2, '2023-04-14', 'D'),
(1407, 284, 2, '2023-12-06', 'D'),
(1408, 284, 5, '2023-06-30', 'D'),
(1409, 284, 13, '2024-01-13', 'D'),
(1410, 284, 8, '2023-02-18', 'F'),
(1411, 284, 7, '2023-08-06', 'B'),
(1412, 285, 13, '2023-10-27', 'A'),
(1413, 285, 14, '2023-02-18', 'D'),
(1414, 285, 4, '2024-09-12', 'D'),
(1415, 286, 9, '2023-01-06', 'B'),
(1416, 286, 10, '2024-02-06', 'D'),
(1417, 286, 8, '2023-08-27', 'A'),
(1418, 286, 6, '2024-10-25', 'A'),
(1419, 286, 5, '2023-01-15', 'D'),
(1420, 287, 11, '2024-03-27', 'B'),
(1421, 287, 4, '2024-03-12', 'A'),
(1422, 287, 1, '2023-10-13', 'C'),
(1423, 287, 15, '2024-10-08', 'F'),
(1424, 287, 7, '2023-06-24', 'D'),
(1425, 287, 9, '2024-04-08', 'C'),
(1426, 288, 5, '2024-03-28', 'D'),
(1427, 288, 2, '2024-01-21', 'C'),
(1428, 288, 8, '2023-09-28', 'D'),
(1429, 289, 2, '2023-02-11', 'A'),
(1430, 289, 5, '2024-06-02', 'B'),
(1431, 289, 15, '2024-04-13', 'B'),
(1432, 289, 6, '2023-12-01', 'A'),
(1433, 290, 10, '2023-11-09', 'C'),
(1434, 290, 1, '2023-03-05', 'B'),
(1435, 290, 9, '2024-11-29', 'D'),
(1436, 290, 3, '2024-02-21', 'D'),
(1437, 291, 7, '2023-08-21', 'B'),
(1438, 291, 1, '2024-10-07', 'F'),
(1439, 291, 4, '2023-05-20', 'A'),
(1440, 291, 11, '2023-08-23', 'B'),
(1441, 291, 6, '2023-07-10', 'D'),
(1442, 292, 3, '2024-06-14', 'A'),
(1443, 292, 4, '2024-04-10', 'F'),
(1444, 292, 12, '2024-04-26', 'B'),
(1445, 292, 9, '2024-01-01', 'B'),
(1446, 293, 7, '2024-01-23', 'B'),
(1447, 293, 2, '2024-02-06', 'F'),
(1448, 293, 1, '2024-11-22', 'A'),
(1449, 294, 11, '2024-11-23', 'B'),
(1450, 294, 9, '2024-05-08', 'D'),
(1451, 294, 10, '2023-11-26', 'A'),
(1452, 295, 10, '2024-01-24', 'D'),
(1453, 295, 9, '2023-05-01', 'B'),
(1454, 295, 13, '2024-09-27', 'A'),
(1455, 295, 14, '2024-05-08', 'A'),
(1456, 296, 8, '2024-05-18', 'B'),
(1457, 296, 14, '2024-05-19', 'D'),
(1458, 296, 10, '2024-08-27', 'F'),
(1459, 297, 15, '2023-12-12', 'B'),
(1460, 297, 6, '2023-04-28', 'D'),
(1461, 297, 7, '2023-09-22', 'C'),
(1462, 297, 3, '2024-06-07', 'D'),
(1463, 298, 5, '2024-07-31', 'B'),
(1464, 298, 6, '2023-01-15', 'B'),
(1465, 298, 12, '2024-05-04', 'A'),
(1466, 298, 8, '2023-05-14', 'D'),
(1467, 299, 4, '2023-05-22', 'A'),
(1468, 299, 10, '2024-03-07', 'C'),
(1469, 299, 3, '2023-01-01', 'B'),
(1470, 299, 9, '2023-08-30', 'C'),
(1471, 299, 15, '2024-06-05', 'D'),
(1472, 299, 14, '2023-11-12', 'F'),
(1473, 299, 5, '2023-09-13', 'B'),
(1474, 300, 6, '2024-04-15', 'C'),
(1475, 300, 7, '2024-08-15', 'A'),
(1476, 300, 11, '2023-06-01', 'A'),
(1477, 300, 10, '2024-05-09', 'C'),
(1478, 300, 12, '2023-08-16', 'A'),
(1479, 300, 3, '2024-11-15', 'C');


